,id,name,entrydate,symbol,sector,position,entryprice,entrylots,entryrisk,entryrisk_ticks,currentprice,stopprice,risk,lots,flame,exitdate,exitprice,exitlots,profit,profit_ticks,duration,result,commission,exittype,on_fire
0,1,CME Australian Dollar AUD,2019-09-10,AD,currency,1,0.6925999952316284,5,9200.0,368,0.6825500213623047,0.6747000217437744,-0.0,0,0.0,2019-09-23,0.6825500213623047,5,-5025.0,-201,13,LOSE,29.900000000000002,exit,False
1,2,CME Australian Dollar AUD,2019-09-11,AD,currency,1,0.6926999884605408,5,9250.0,370,0.6825500213623047,0.6747000217437744,-0.0,0,0.0,2019-09-23,0.6825500213623047,5,-5075.0,-203,12,LOSE,29.900000000000002,exit,False
2,3,CME Australian Dollar AUD,2019-09-12,AD,currency,1,0.692650057888031,5,9225.0,369,0.6825500213623047,0.6747000217437744,-0.0,0,0.0,2019-09-23,0.6825500213623047,5,-5050.0,-202,11,LOSE,29.900000000000002,exit,False
3,4,CME Australian Dollar AUD,2019-09-13,AD,currency,1,0.6930000382423401,5,9400.0,376,0.6825500213623047,0.6747000217437744,-0.0,0,0.0,2019-09-23,0.6825500213623047,5,-5225.0,-209,10,LOSE,29.900000000000002,exit,False
4,5,CME Australian Dollar AUD,2019-09-16,AD,currency,1,0.6930000118255615,5,9400.0,376,0.6825500213623047,0.6747000217437744,-0.0,0,0.0,2019-09-23,0.6825500213623047,5,-5225.0,-209,7,LOSE,29.900000000000002,exit,False
5,6,CBOT Wheat,2019-09-16,W,grain,1,562.75,5,9120.0,152,574.75,561.0,-0.0,0,-0.0,2019-11-18,574.75,5,2880.0,48,63,WIN,29.900000000000002,exit,False
6,7,CME Australian Dollar AUD,2019-09-17,AD,currency,1,0.6927000118255615,5,9250.0,370,0.6825500213623047,0.6747000217437744,-0.0,0,0.0,2019-09-23,0.6825500213623047,5,-5075.0,-203,6,LOSE,29.900000000000002,exit,False
7,8,CBOT Wheat,2019-09-17,W,grain,1,562.0,5,8940.0,149,574.75,561.0,-0.0,0,-0.0,2019-11-18,574.75,5,3060.0,51,62,WIN,29.900000000000002,exit,False
8,9,CME Australian Dollar AUD,2019-09-18,AD,currency,1,0.6927000118255615,5,9000.0,360,0.6825500213623047,0.6747000217437744,-0.0,0,0.0,2019-09-23,0.6825500213623047,5,-5075.0,-203,5,LOSE,29.900000000000002,exit,False
9,10,CBOT Wheat,2019-09-18,W,grain,1,560.5,5,8580.0,143,574.75,561.0,-0.0,0,-0.0,2019-11-18,574.75,5,3420.0,57,61,WIN,29.900000000000002,exit,False
10,11,CME Australian Dollar AUD,2019-09-19,AD,currency,1,0.688850036907196,7,9905.0,283,0.6825500213623047,0.6747000217437744,-0.0,0,0.0,2019-09-23,0.6825500213623047,7,-4410.0,-126,4,LOSE,41.86,exit,False
11,12,CBOT Wheat,2019-09-19,W,grain,1,564.25,5,9480.0,158,574.75,561.0,-0.0,0,-0.0,2019-11-18,574.75,5,2520.0,42,60,WIN,29.900000000000002,exit,False
12,13,CME Australian Dollar AUD,2019-09-20,AD,currency,1,0.6859500423431396,9,10125.0,225,0.6825500213623047,0.6747000217437744,-0.0,0,0.0,2019-09-23,0.6825500213623047,9,-3060.0,-68,3,LOSE,53.82000000000001,exit,False
13,14,CBOT Wheat,2019-09-20,W,grain,1,562.0,5,8940.0,149,574.75,561.0,-0.0,0,-0.0,2019-11-18,574.75,5,3060.0,51,59,WIN,29.900000000000002,exit,False
14,15,CBOT Wheat,2019-09-23,W,grain,1,559.75,5,8400.0,140,574.75,561.0,-0.0,0,-0.0,2019-11-18,574.75,5,3600.0,60,56,WIN,29.900000000000002,exit,False
15,16,CBOT Wheat,2019-09-24,W,grain,1,556.5,6,9144.0,127,574.75,561.0,-0.0,0,-0.0,2019-11-18,574.75,6,5256.0,73,55,WIN,35.88,exit,False
16,17,CBOT Wheat,2019-09-25,W,grain,1,555.5,6,8856.0,123,574.75,561.0,-0.0,0,-0.0,2019-11-18,574.75,6,5544.0,77,54,WIN,35.88,exit,False
17,18,CBOT Wheat,2019-09-26,W,grain,1,553.75,6,8352.0,116,574.75,561.0,-0.0,0,-0.0,2019-11-18,574.75,6,6048.0,84,53,WIN,35.88,exit,False
18,19,CBOT Wheat,2019-09-27,W,grain,1,561.25,5,8760.0,146,574.75,561.0,-0.0,0,-0.0,2019-11-18,574.75,5,3240.0,54,52,WIN,29.900000000000002,exit,False
19,20,CBOT Wheat,2019-09-30,W,grain,1,565.5,4,7824.0,163,574.75,561.0,-0.0,0,-0.0,2019-11-18,574.75,4,1776.0,37,49,WIN,23.92,exit,False
20,21,CBOT Wheat,2019-10-01,W,grain,1,571.5,4,8976.0,187,574.75,561.0,-0.0,0,-0.0,2019-11-18,574.75,4,624.0,13,48,WIN,23.92,exit,False
21,22,CBOT Wheat,2019-10-02,W,grain,1,571.25,4,8928.0,186,574.75,561.0,-0.0,0,-0.0,2019-11-18,574.75,4,672.0,14,47,WIN,23.92,exit,False
22,23,CBOT Wheat,2019-10-03,W,grain,1,563.5,5,9300.0,155,574.75,561.0,-0.0,0,-0.0,2019-11-18,574.75,5,2700.0,45,46,WIN,29.900000000000002,exit,False
23,24,CBOT Wheat,2019-10-04,W,grain,1,564.25,5,9480.0,158,574.75,561.0,-0.0,0,-0.0,2019-11-18,574.75,5,2520.0,42,45,WIN,29.900000000000002,exit,False
24,25,CBOT Wheat,2019-10-07,W,grain,1,566.75,4,8064.0,168,574.75,561.0,-0.0,0,-0.0,2019-11-18,574.75,4,1536.0,32,42,WIN,23.92,exit,False
25,26,CBOT Wheat,2019-10-08,W,grain,1,567.0,4,8112.0,169,574.75,561.0,-0.0,0,-0.0,2019-11-18,574.75,4,1488.0,31,41,WIN,23.92,exit,False
26,27,CBOT Wheat,2019-10-09,W,grain,1,575.75,3,7344.0,204,574.75,561.0,-0.0,0,0.0,2019-11-18,574.75,3,-144.0,-4,40,LOSE,17.94,exit,False
27,28,CBOT Wheat,2019-10-10,W,grain,1,575.0,3,7236.0,201,574.75,561.0,-0.0,0,0.0,2019-11-18,574.75,3,-36.0,-1,39,LOSE,17.94,exit,False
28,29,CBOT Wheat,2019-10-11,W,grain,1,571.25,4,8928.0,186,574.75,561.0,-0.0,0,-0.0,2019-11-18,574.75,4,672.0,14,38,WIN,23.92,exit,False
29,30,CBOT Wheat,2019-10-14,W,grain,1,587.75,2,6048.0,252,574.75,561.0,-0.0,0,0.0,2019-11-18,574.75,2,-1248.0,-52,35,LOSE,11.96,exit,False
30,31,CBOT Wheat,2019-10-15,W,grain,1,584.5,3,8100.0,225,574.75,561.0,-0.0,0,0.0,2019-11-18,574.75,3,-1404.0,-39,34,LOSE,17.94,exit,False
31,32,CBOT Wheat,2019-10-16,W,grain,1,582.0,3,6840.0,190,574.75,561.0,-0.0,0,0.0,2019-11-18,574.75,3,-1044.0,-29,33,LOSE,17.94,exit,False
32,33,CME Australian Dollar AUD,2019-10-18,AD,currency,1,0.688900056552887,4,6360.0,318,0.6831000613212586,0.6764000654220581,-0.0,0,0.0,2019-11-15,0.6831000613212586,4,-2320.0,-116,28,LOSE,23.92,exit,False
33,34,CME Australian Dollar AUD,2019-10-21,AD,currency,1,0.6910500473976136,4,7220.0,361,0.6831000613212586,0.6764000654220581,-0.0,0,0.0,2019-11-15,0.6831000613212586,4,-3180.0,-159,25,LOSE,23.92,exit,False
34,35,CME Australian Dollar AUD,2019-10-22,AD,currency,1,0.6921500412940979,4,7660.0,383,0.6831000613212586,0.6764000654220581,-0.0,0,0.0,2019-11-15,0.6831000613212586,4,-3620.0,-181,24,LOSE,23.92,exit,False
35,36,CME Australian Dollar AUD,2019-10-23,AD,currency,1,0.6907500209808349,4,7100.0,355,0.6831000613212586,0.6764000654220581,-0.0,0,0.0,2019-11-15,0.6831000613212586,4,-3060.0,-153,23,LOSE,23.92,exit,False
36,37,CME Australian Dollar AUD,2019-10-24,AD,currency,1,0.690600020980835,4,7040.0,352,0.6831000613212586,0.6764000654220581,-0.0,0,0.0,2019-11-15,0.6831000613212586,4,-3000.0,-150,22,LOSE,23.92,exit,False
37,38,CME Australian Dollar AUD,2019-10-25,AD,currency,1,0.6875000528335571,5,7250.0,290,0.6831000613212586,0.6764000654220581,-0.0,0,0.0,2019-11-15,0.6831000613212586,5,-2200.0,-88,21,LOSE,29.900000000000002,exit,False
38,39,CME Australian Dollar AUD,2019-10-28,AD,currency,1,0.6879000264167786,5,7450.0,298,0.6831000613212586,0.6764000654220581,-0.0,0,0.0,2019-11-15,0.6831000613212586,5,-2400.0,-96,18,LOSE,29.900000000000002,exit,False
39,40,CME Australian Dollar AUD,2019-10-29,AD,currency,1,0.6896500369071961,5,8325.0,333,0.6831000613212586,0.6764000654220581,-0.0,0,0.0,2019-11-15,0.6831000613212586,5,-3275.0,-131,17,LOSE,29.900000000000002,exit,False
40,41,CME Australian Dollar AUD,2019-10-30,AD,currency,1,0.6925000345230102,4,7800.0,390,0.6831000613212586,0.6764000654220581,-0.0,0,0.0,2019-11-15,0.6831000613212586,4,-3760.0,-188,16,LOSE,23.92,exit,False
41,42,CME Australian Dollar AUD,2019-10-31,AD,currency,1,0.6958000690460205,3,6840.0,456,0.6831000613212586,0.6764000654220581,-0.0,0,0.0,2019-11-15,0.6831000613212586,3,-3810.0,-254,15,LOSE,17.94,exit,False
42,43,CME Australian Dollar AUD,2019-11-01,AD,currency,1,0.6951000124931336,3,6630.0,442,0.6831000613212586,0.6764000654220581,-0.0,0,0.0,2019-11-15,0.6831000613212586,3,-3600.0,-240,14,LOSE,17.94,exit,False
43,44,CME Australian Dollar AUD,2019-11-04,AD,currency,1,0.6964000395774841,3,7020.0,468,0.6831000613212586,0.6764000654220581,-0.0,0,0.0,2019-11-15,0.6831000613212586,3,-3990.0,-266,11,LOSE,17.94,exit,False
44,45,CME Australian Dollar AUD,2019-11-05,AD,currency,1,0.6940500450134277,4,8420.0,421,0.6831000613212586,0.6764000654220581,-0.0,0,0.0,2019-11-15,0.6831000613212586,4,-4380.0,-219,10,LOSE,23.92,exit,False
45,46,CME Australian Dollar AUD,2019-11-06,AD,currency,1,0.6945500389099121,3,6465.0,431,0.6831000613212586,0.6764000654220581,-0.0,0,0.0,2019-11-15,0.6831000613212586,3,-3435.0,-229,9,LOSE,17.94,exit,False
46,47,CME Australian Dollar AUD,2019-11-07,AD,currency,1,0.6938000185966492,3,6240.0,416,0.6831000613212586,0.6764000654220581,-0.0,0,0.0,2019-11-15,0.6831000613212586,3,-3210.0,-214,8,LOSE,17.94,exit,False
47,48,CME Australian Dollar AUD,2019-11-08,AD,currency,1,0.6943500653266906,3,6405.0,427,0.6831000613212586,0.6764000654220581,-0.0,0,0.0,2019-11-15,0.6831000613212586,3,-3375.0,-225,7,LOSE,17.94,exit,False
48,49,CME Australian Dollar AUD,2019-11-11,AD,currency,1,0.690750037574768,4,7100.0,355,0.6831000613212586,0.6764000654220581,-0.0,0,0.0,2019-11-15,0.6831000613212586,4,-3060.0,-153,4,LOSE,23.92,exit,False
49,50,CME Australian Dollar AUD,2019-11-12,AD,currency,1,0.6898000504493713,5,8400.0,336,0.6831000613212586,0.6764000654220581,-0.0,0,0.0,2019-11-15,0.6831000613212586,5,-3350.0,-134,3,LOSE,29.900000000000002,exit,False
50,51,CME Australian Dollar AUD,2019-11-13,AD,currency,1,0.689200036907196,6,7920.0,264,0.6831000613212586,0.6764000654220581,-0.0,0,0.0,2019-11-15,0.6831000613212586,6,-3660.0,-122,2,LOSE,35.88,exit,False
51,52,CME Australian Dollar AUD,2019-11-14,AD,currency,1,0.688350056552887,7,8365.0,239,0.6831000613212586,0.6764000654220581,-0.0,0,0.0,2019-11-15,0.6831000613212586,7,-3675.0,-105,1,LOSE,41.86,exit,False
52,53,CBOT Wheat,2019-11-20,W,grain,1,585.75,8,9216.0,96,625.5,609.75,-0.0,0,-0.0,2020-02-07,625.5,8,15264.0,159,79,WIN,47.84,exit,False
53,54,CBOT Wheat,2019-11-21,W,grain,1,588.75,8,8928.0,93,625.5,609.75,-0.0,0,-0.0,2020-02-07,625.5,8,14112.0,147,78,WIN,47.84,exit,False
54,55,CBOT Wheat,2019-11-22,W,grain,1,584.0,15,9180.0,51,625.5,609.75,-0.0,0,-0.0,2020-02-07,625.5,15,29880.0,166,77,WIN,89.7,exit,False
55,56,CBOT Wheat,2019-11-25,W,grain,1,592.25,9,9072.0,84,625.5,609.75,-0.0,0,-0.0,2020-02-07,625.5,9,14364.0,133,74,WIN,53.82000000000001,exit,False
56,57,CBOT Wheat,2019-11-26,W,grain,1,602.0,6,8856.0,123,625.5,609.75,-0.0,0,-0.0,2020-02-07,625.5,6,6768.0,94,73,WIN,35.88,exit,False
57,58,CBOT Wheat,2019-11-27,W,grain,1,600.75,6,8496.0,118,625.5,609.75,-0.0,0,-0.0,2020-02-07,625.5,6,7128.0,99,72,WIN,35.88,exit,False
58,59,CBOT Wheat,2019-11-29,W,grain,1,603.5,5,7740.0,129,625.5,609.75,-0.0,0,-0.0,2020-02-07,625.5,5,5280.0,88,70,WIN,29.900000000000002,exit,False
59,60,CBOT Wheat,2019-12-02,W,grain,1,612.5,4,7920.0,165,625.5,609.75,-0.0,0,-0.0,2020-02-07,625.5,4,2496.0,52,67,WIN,23.92,exit,False
60,61,CBOT Wheat,2019-12-03,W,grain,1,608.25,5,8880.0,148,625.5,609.75,-0.0,0,-0.0,2020-02-07,625.5,5,4140.0,69,66,WIN,29.900000000000002,exit,False
61,62,CBOT Wheat,2019-12-04,W,grain,1,595.75,7,8232.0,98,625.5,609.75,-0.0,0,-0.0,2020-02-07,625.5,7,9996.0,119,65,WIN,41.86,exit,False
62,63,CME Australian Dollar AUD,2019-12-05,AD,currency,1,0.6892000700950622,9,8460.0,188,0.6891500436782837,0.6798000335693359,-0.0,0,0.0,2020-01-10,0.6891500436782837,9,-45.0,-1,36,LOSE,53.82000000000001,exit,False
63,64,CBOT Wheat,2019-12-05,W,grain,1,597.5,7,8820.0,105,625.5,609.75,-0.0,0,-0.0,2020-02-07,625.5,7,9408.0,112,64,WIN,41.86,exit,False
64,65,CME Australian Dollar AUD,2019-12-06,AD,currency,1,0.6882000165939332,11,9240.0,168,0.6891500436782837,0.6798000335693359,-0.0,0,-0.0,2020-01-10,0.6891500436782837,11,1045.0,19,35,WIN,65.78,exit,False
65,66,CBOT Wheat,2019-12-06,W,grain,1,594.0,8,8736.0,91,625.5,609.75,-0.0,0,-0.0,2020-02-07,625.5,8,12096.0,126,63,WIN,47.84,exit,False
66,67,CME Australian Dollar AUD,2019-12-09,AD,currency,1,0.6880500233650207,11,9075.0,165,0.6891500436782837,0.6798000335693359,-0.0,0,-0.0,2020-01-10,0.6891500436782837,11,1210.0,22,32,WIN,65.78,exit,False
67,68,CBOT Wheat,2019-12-09,W,grain,1,593.75,8,8640.0,90,625.5,609.75,-0.0,0,-0.0,2020-02-07,625.5,8,12192.0,127,60,WIN,47.84,exit,False
68,69,CME Australian Dollar AUD,2019-12-10,AD,currency,1,0.6870000460624694,13,9360.0,144,0.6891500436782837,0.6798000335693359,-0.0,0,-0.0,2020-01-10,0.6891500436782837,13,2795.0,43,31,WIN,77.74000000000001,exit,False
69,70,CBOT Wheat,2019-12-10,W,grain,1,593.5,8,8544.0,89,625.5,609.75,-0.0,0,-0.0,2020-02-07,625.5,8,12288.0,128,59,WIN,47.84,exit,False
70,71,CME Australian Dollar AUD,2019-12-11,AD,currency,1,0.6870500619888306,13,9425.0,145,0.6891500436782837,0.6798000335693359,-0.0,0,-0.0,2020-01-10,0.6891500436782837,13,2730.0,42,30,WIN,77.74000000000001,exit,False
71,72,CME Australian Dollar AUD,2019-12-12,AD,currency,1,0.6924500511169434,7,8855.0,253,0.6891500436782837,0.6798000335693359,-0.0,0,0.0,2020-01-10,0.6891500436782837,7,-2310.0,-66,29,LOSE,41.86,exit,False
72,73,CME Australian Dollar AUD,2019-12-13,AD,currency,1,0.6971500101089477,5,8675.0,347,0.6891500436782837,0.6798000335693359,-0.0,0,0.0,2020-01-10,0.6891500436782837,5,-4000.0,-160,28,LOSE,29.900000000000002,exit,False
73,74,CME Australian Dollar AUD,2019-12-16,AD,currency,1,0.6920500511169434,7,8575.0,245,0.6891500436782837,0.6798000335693359,-0.0,0,0.0,2020-01-10,0.6891500436782837,7,-2030.0,-58,25,LOSE,41.86,exit,False
74,75,CME Australian Dollar AUD,2019-12-17,AD,currency,1,0.6919500148773193,6,7290.0,243,0.6891500436782837,0.6798000335693359,-0.0,0,0.0,2020-01-10,0.6891500436782837,6,-1680.0,-56,24,LOSE,35.88,exit,False
75,76,CME Australian Dollar AUD,2019-12-18,AD,currency,1,0.6894500104904174,8,7720.0,193,0.6891500436782837,0.6798000335693359,-0.0,0,0.0,2020-01-10,0.6891500436782837,8,-240.0,-6,23,LOSE,47.84,exit,False
76,77,CME Australian Dollar AUD,2019-12-19,AD,currency,1,0.6901500436782837,7,7245.0,207,0.6891500436782837,0.6798000335693359,-0.0,0,0.0,2020-01-10,0.6891500436782837,7,-700.0,-20,22,LOSE,41.86,exit,False
77,78,CME Australian Dollar AUD,2019-12-20,AD,currency,1,0.6930500548362732,6,7950.0,265,0.6891500436782837,0.6798000335693359,-0.0,0,0.0,2020-01-10,0.6891500436782837,6,-2340.0,-78,21,LOSE,35.88,exit,False
78,79,CME Australian Dollar AUD,2020-01-14,AD,currency,1,0.6940500487327576,5,6725.0,269,0.6926500087738037,0.6843000650405884,-0.0,0,0.0,2020-01-17,0.6926500087738037,5,-700.0,-28,3,LOSE,29.900000000000002,exit,False
79,80,CME Australian Dollar AUD,2020-01-15,AD,currency,1,0.6941000155448913,7,6860.0,196,0.6926500087738037,0.6843000650405884,-0.0,0,0.0,2020-01-17,0.6926500087738037,7,-1015.0,-29,2,LOSE,41.86,exit,False
80,81,CME Australian Dollar AUD,2020-01-16,AD,currency,1,0.694850022315979,6,6330.0,211,0.6926500087738037,0.6843000650405884,-0.0,0,0.0,2020-01-17,0.6926500087738037,6,-1320.0,-44,1,LOSE,35.88,exit,False
81,82,CBOT Wheat,2020-02-20,W,grain,1,630.5,9,9828.0,91,614.25,607.75,-0.0,0,0.0,2020-02-24,614.25,9,-7020.0,-65,4,LOSE,53.82000000000001,exit,False
82,83,CBOT Wheat,2020-02-21,W,grain,1,629.0,10,10200.0,85,614.25,607.75,-0.0,0,0.0,2020-02-24,614.25,10,-7080.0,-59,3,LOSE,59.800000000000004,exit,False
83,84,CBOT Wheat,2020-03-24,W,grain,1,628.5,3,9972.0,277,597.25,559.25,-0.0,0,0.0,2020-04-17,597.25,3,-4500.0,-125,24,LOSE,17.94,exit,False
84,85,CBOT Wheat,2020-03-25,W,grain,1,633.25,3,10656.0,296,597.25,559.25,-0.0,0,0.0,2020-04-17,597.25,3,-5184.0,-144,23,LOSE,17.94,exit,False
85,86,CBOT Wheat,2020-03-26,W,grain,1,648.0,2,8520.0,355,597.25,559.25,-0.0,0,0.0,2020-04-17,597.25,2,-4872.0,-203,22,LOSE,11.96,exit,False
86,87,CBOT Wheat,2020-03-27,W,grain,1,641.5,2,7896.0,329,597.25,559.25,-0.0,0,0.0,2020-04-17,597.25,2,-4248.0,-177,21,LOSE,11.96,exit,False
87,88,CBOT Wheat,2020-03-30,W,grain,1,641.75,2,7920.0,330,597.25,559.25,-0.0,0,0.0,2020-04-17,597.25,2,-4272.0,-178,18,LOSE,11.96,exit,False
88,89,CBOT Wheat,2020-03-31,W,grain,1,638.75,2,7632.0,318,597.25,559.25,-0.0,0,0.0,2020-04-17,597.25,2,-3984.0,-166,17,LOSE,11.96,exit,False
89,90,CBOT Wheat,2020-04-01,W,grain,1,635.75,2,7344.0,306,597.25,559.25,-0.0,0,0.0,2020-04-17,597.25,2,-3696.0,-154,16,LOSE,11.96,exit,False
90,91,CBOT Wheat,2020-04-02,W,grain,1,618.5,3,8532.0,237,597.25,559.25,-0.0,0,0.0,2020-04-17,597.25,3,-3060.0,-85,15,LOSE,17.94,exit,False
91,92,CBOT Wheat,2020-04-03,W,grain,1,613.0,4,10320.0,215,597.25,559.25,-0.0,0,0.0,2020-04-17,597.25,4,-3024.0,-63,14,LOSE,23.92,exit,False
92,93,CBOT Wheat,2020-04-06,W,grain,1,620.5,3,8820.0,245,597.25,559.25,-0.0,0,0.0,2020-04-17,597.25,3,-3348.0,-93,11,LOSE,17.94,exit,False
93,94,CBOT Wheat,2020-04-07,W,grain,1,622.75,3,9144.0,254,597.25,559.25,-0.0,0,0.0,2020-04-17,597.25,3,-3672.0,-102,10,LOSE,17.94,exit,False
94,95,CBOT Wheat,2020-04-08,W,grain,1,619.0,3,8604.0,239,597.25,559.25,-0.0,0,0.0,2020-04-17,597.25,3,-3132.0,-87,9,LOSE,17.94,exit,False
95,96,CBOT Wheat,2020-04-09,W,grain,1,621.0,3,8892.0,247,597.25,559.25,-0.0,0,0.0,2020-04-17,597.25,3,-3420.0,-95,8,LOSE,17.94,exit,False
96,97,CBOT Wheat,2020-04-13,W,grain,1,630.25,3,10224.0,284,597.25,559.25,-0.0,0,0.0,2020-04-17,597.25,3,-4752.0,-132,4,LOSE,17.94,exit,False
97,98,CME Australian Dollar AUD,2020-04-14,AD,currency,1,0.6434000029563903,1,8920.0,1784,0.7175000286102295,0.7141000032424927,-0.0,0,-0.0,2020-09-23,0.7175000286102295,1,7410.0,1482,162,WIN,5.98,exit,False
98,99,CBOT Wheat,2020-04-14,W,grain,1,625.5,3,9540.0,265,597.25,559.25,-0.0,0,0.0,2020-04-17,597.25,3,-4068.0,-113,3,LOSE,17.94,exit,False
99,100,CME Australian Dollar AUD,2020-04-15,AD,currency,1,0.6478499687194824,1,9365.0,1873,0.7175000286102295,0.7141000032424927,-0.0,0,-0.0,2020-09-23,0.7175000286102295,1,6965.0,1393,161,WIN,5.98,exit,False
100,101,CBOT Wheat,2020-04-15,W,grain,1,617.75,3,8424.0,234,597.25,559.25,-0.0,0,0.0,2020-04-17,597.25,3,-2952.0,-82,2,LOSE,17.94,exit,False
101,102,CME Australian Dollar AUD,2020-04-16,AD,currency,1,0.6358999708175659,1,8170.0,1634,0.7175000286102295,0.7141000032424927,-0.0,0,-0.0,2020-09-23,0.7175000286102295,1,8160.0,1632,160,WIN,5.98,exit,False
102,103,CBOT Wheat,2020-04-16,W,grain,1,610.0,4,9744.0,203,597.25,559.25,-0.0,0,0.0,2020-04-17,597.25,4,-2448.0,-51,1,LOSE,23.92,exit,False
103,104,CME Australian Dollar AUD,2020-04-17,AD,currency,1,0.63984997215271,1,8565.0,1713,0.7175000286102295,0.7141000032424927,-0.0,0,-0.0,2020-09-23,0.7175000286102295,1,7765.0,1553,159,WIN,5.98,exit,False
104,105,CME Australian Dollar AUD,2020-04-20,AD,currency,1,0.6406000121116638,1,8640.0,1728,0.7175000286102295,0.7141000032424927,-0.0,0,-0.0,2020-09-23,0.7175000286102295,1,7690.0,1538,156,WIN,5.98,exit,False
105,106,CME Australian Dollar AUD,2020-04-21,AD,currency,1,0.6370499745368957,1,8285.0,1657,0.7175000286102295,0.7141000032424927,-0.0,0,-0.0,2020-09-23,0.7175000286102295,1,8045.0,1609,155,WIN,5.98,exit,False
106,107,CME Australian Dollar AUD,2020-04-22,AD,currency,1,0.6336999694824219,1,7950.0,1590,0.7175000286102295,0.7141000032424927,-0.0,0,-0.0,2020-09-23,0.7175000286102295,1,8380.0,1676,154,WIN,5.98,exit,False
107,108,CME Australian Dollar AUD,2020-04-23,AD,currency,1,0.6376000138282776,1,8340.0,1668,0.7175000286102295,0.7141000032424927,-0.0,0,-0.0,2020-09-23,0.7175000286102295,1,7990.0,1598,153,WIN,5.98,exit,False
108,109,CME Australian Dollar AUD,2020-04-24,AD,currency,1,0.6412499660491944,1,8705.0,1741,0.7175000286102295,0.7141000032424927,-0.0,0,-0.0,2020-09-23,0.7175000286102295,1,7625.0,1525,152,WIN,5.98,exit,False
109,110,CME Australian Dollar AUD,2020-04-27,AD,currency,1,0.6441000195503235,1,8990.0,1798,0.7175000286102295,0.7141000032424927,-0.0,0,-0.0,2020-09-23,0.7175000286102295,1,7340.0,1468,149,WIN,5.98,exit,False
110,111,CME Australian Dollar AUD,2020-04-28,AD,currency,1,0.6510000025749206,1,9680.0,1936,0.7175000286102295,0.7141000032424927,-0.0,0,-0.0,2020-09-23,0.7175000286102295,1,6650.0,1330,148,WIN,5.98,exit,False
111,112,CME Australian Dollar AUD,2020-05-01,AD,currency,1,0.6535000039100647,1,8360.0,1672,0.7175000286102295,0.7141000032424927,-0.0,0,-0.0,2020-09-23,0.7175000286102295,1,6400.0,1280,145,WIN,5.98,exit,False
112,113,CME Australian Dollar AUD,2020-05-04,AD,currency,1,0.6446499772071839,1,7135.0,1427,0.7175000286102295,0.7141000032424927,-0.0,0,-0.0,2020-09-23,0.7175000286102295,1,7285.0,1457,142,WIN,5.98,exit,False
113,114,CME Australian Dollar AUD,2020-05-05,AD,currency,1,0.6470999944686889,1,6260.0,1252,0.7175000286102295,0.7141000032424927,-0.0,0,-0.0,2020-09-23,0.7175000286102295,1,7040.0,1408,141,WIN,5.98,exit,False
114,115,CME Australian Dollar AUD,2020-05-06,AD,currency,1,0.6468500178337098,1,5625.0,1125,0.7175000286102295,0.7141000032424927,-0.0,0,-0.0,2020-09-23,0.7175000286102295,1,7065.0,1413,140,WIN,5.98,exit,False
115,116,CME Australian Dollar AUD,2020-05-07,AD,currency,1,0.6458000232696534,1,5520.0,1104,0.7175000286102295,0.7141000032424927,-0.0,0,-0.0,2020-09-23,0.7175000286102295,1,7170.0,1434,139,WIN,5.98,exit,False
116,117,CME Australian Dollar AUD,2020-05-08,AD,currency,1,0.6540000069618225,1,5250.0,1050,0.7175000286102295,0.7141000032424927,-0.0,0,-0.0,2020-09-23,0.7175000286102295,1,6350.0,1270,138,WIN,5.98,exit,False
117,118,CME Australian Dollar AUD,2020-05-11,AD,currency,1,0.6565500113487244,1,5505.0,1101,0.7175000286102295,0.7141000032424927,-0.0,0,-0.0,2020-09-23,0.7175000286102295,1,6095.0,1219,135,WIN,5.98,exit,False
118,119,CME Australian Dollar AUD,2020-05-12,AD,currency,1,0.653500016784668,1,5200.0,1040,0.7175000286102295,0.7141000032424927,-0.0,0,-0.0,2020-09-23,0.7175000286102295,1,6400.0,1280,134,WIN,5.98,exit,False
119,120,CME Australian Dollar AUD,2020-05-13,AD,currency,1,0.6519999897003174,1,5050.0,1010,0.7175000286102295,0.7141000032424927,-0.0,0,-0.0,2020-09-23,0.7175000286102295,1,6550.0,1310,133,WIN,5.98,exit,False
120,121,CME Australian Dollar AUD,2020-05-14,AD,currency,1,0.6488999656677246,2,9480.0,948,0.7175000286102295,0.7141000032424927,-0.0,0,-0.0,2020-09-23,0.7175000286102295,2,13720.0,1372,132,WIN,11.96,exit,False
121,122,CME Australian Dollar AUD,2020-05-15,AD,currency,1,0.6498499693870544,2,9670.0,967,0.7175000286102295,0.7141000032424927,-0.0,0,-0.0,2020-09-23,0.7175000286102295,2,13530.0,1353,131,WIN,11.96,exit,False
122,123,CME Australian Dollar AUD,2020-05-18,AD,currency,1,0.647449974155426,2,8990.0,899,0.7175000286102295,0.7141000032424927,-0.0,0,-0.0,2020-09-23,0.7175000286102295,2,14010.0,1401,128,WIN,11.96,exit,False
123,124,CME Australian Dollar AUD,2020-05-19,AD,currency,1,0.6567499879837037,2,9150.0,915,0.7175000286102295,0.7141000032424927,-0.0,0,-0.0,2020-09-23,0.7175000286102295,2,12150.0,1215,127,WIN,11.96,exit,False
124,125,CME Australian Dollar AUD,2020-05-20,AD,currency,1,0.658599981880188,2,8740.0,874,0.7175000286102295,0.7141000032424927,-0.0,0,-0.0,2020-09-23,0.7175000286102295,2,11780.0,1178,126,WIN,11.96,exit,False
125,126,CME Australian Dollar AUD,2020-05-21,AD,currency,1,0.6629499710083008,2,8030.0,803,0.7175000286102295,0.7141000032424927,-0.0,0,-0.0,2020-09-23,0.7175000286102295,2,10910.0,1091,125,WIN,11.96,exit,False
126,127,CME Australian Dollar AUD,2020-05-22,AD,currency,1,0.6596999862670898,3,9330.0,622,0.7175000286102295,0.7141000032424927,-0.0,0,-0.0,2020-09-23,0.7175000286102295,3,17340.0,1156,124,WIN,17.94,exit,False
127,128,CME Australian Dollar AUD,2020-05-26,AD,currency,1,0.6601499984741211,3,9465.0,631,0.7175000286102295,0.7141000032424927,-0.0,0,-0.0,2020-09-23,0.7175000286102295,3,17205.0,1147,120,WIN,17.94,exit,False
128,129,CME Australian Dollar AUD,2020-05-27,AD,currency,1,0.6689500160217285,2,8070.0,807,0.7175000286102295,0.7141000032424927,-0.0,0,-0.0,2020-09-23,0.7175000286102295,2,9710.0,971,119,WIN,11.96,exit,False
129,130,CME Australian Dollar AUD,2020-05-28,AD,currency,1,0.666200004863739,2,7520.0,752,0.7175000286102295,0.7141000032424927,-0.0,0,-0.0,2020-09-23,0.7175000286102295,2,10260.0,1026,118,WIN,11.96,exit,False
130,131,CME Australian Dollar AUD,2020-05-29,AD,currency,1,0.666949968624115,2,7670.0,767,0.7175000286102295,0.7141000032424927,-0.0,0,-0.0,2020-09-23,0.7175000286102295,2,10110.0,1011,117,WIN,11.96,exit,False
131,132,CME Australian Dollar AUD,2020-06-01,AD,currency,1,0.6731000099182128,2,8900.0,890,0.7175000286102295,0.7141000032424927,-0.0,0,-0.0,2020-09-23,0.7175000286102295,2,8880.0,888,114,WIN,11.96,exit,False
132,133,CME Australian Dollar AUD,2020-06-02,AD,currency,1,0.6857500183105468,1,5475.0,1095,0.7175000286102295,0.7141000032424927,-0.0,0,-0.0,2020-09-23,0.7175000286102295,1,3175.0,635,113,WIN,5.98,exit,False
133,134,CME Australian Dollar AUD,2020-06-03,AD,currency,1,0.694600021648407,1,6310.0,1262,0.7175000286102295,0.7141000032424927,-0.0,0,-0.0,2020-09-23,0.7175000286102295,1,2290.0,458,112,WIN,5.98,exit,False
134,135,CME Australian Dollar AUD,2020-06-04,AD,currency,1,0.6971500162124634,1,6015.0,1203,0.7175000286102295,0.7141000032424927,-0.0,0,-0.0,2020-09-23,0.7175000286102295,1,2035.0,407,111,WIN,5.98,exit,False
135,136,CME Australian Dollar AUD,2020-06-05,AD,currency,1,0.6991000168800354,1,5860.0,1172,0.7175000286102295,0.7141000032424927,-0.0,0,-0.0,2020-09-23,0.7175000286102295,1,1840.0,368,110,WIN,5.98,exit,False
136,137,CME Australian Dollar AUD,2020-06-08,AD,currency,1,0.7019000114440918,1,6140.0,1228,0.7175000286102295,0.7141000032424927,-0.0,0,-0.0,2020-09-23,0.7175000286102295,1,1560.0,312,107,WIN,5.98,exit,False
137,138,CME Australian Dollar AUD,2020-06-09,AD,currency,1,0.7055000097274781,1,6500.0,1300,0.7175000286102295,0.7141000032424927,-0.0,0,-0.0,2020-09-23,0.7175000286102295,1,1200.0,240,106,WIN,5.98,exit,False
138,139,CME Australian Dollar AUD,2020-06-10,AD,currency,1,0.7015499677658081,1,6105.0,1221,0.7175000286102295,0.7141000032424927,-0.0,0,-0.0,2020-09-23,0.7175000286102295,1,1595.0,319,105,WIN,5.98,exit,False
139,140,CME Australian Dollar AUD,2020-06-11,AD,currency,1,0.703150009059906,1,6265.0,1253,0.7175000286102295,0.7141000032424927,-0.0,0,-0.0,2020-09-23,0.7175000286102295,1,1435.0,287,104,WIN,5.98,exit,False
140,141,CME Australian Dollar AUD,2020-06-12,AD,currency,1,0.6894499901771546,1,4895.0,979,0.7175000286102295,0.7141000032424927,-0.0,0,-0.0,2020-09-23,0.7175000286102295,1,2805.0,561,103,WIN,5.98,exit,False
141,142,CME Australian Dollar AUD,2020-06-15,AD,currency,1,0.6883999729156494,1,4720.0,944,0.7175000286102295,0.7141000032424927,-0.0,0,-0.0,2020-09-23,0.7175000286102295,1,2910.0,582,100,WIN,5.98,exit,False
142,143,CME Australian Dollar AUD,2020-06-16,AD,currency,1,0.696699966430664,1,5550.0,1110,0.7175000286102295,0.7141000032424927,-0.0,0,-0.0,2020-09-23,0.7175000286102295,1,2080.0,416,99,WIN,5.98,exit,False
143,144,CME Australian Dollar AUD,2020-06-17,AD,currency,1,0.6925000081062317,1,5130.0,1026,0.7175000286102295,0.7141000032424927,-0.0,0,-0.0,2020-09-23,0.7175000286102295,1,2500.0,500,98,WIN,5.98,exit,False
144,145,CME Australian Dollar AUD,2020-06-18,AD,currency,1,0.6921999816894531,1,4870.0,974,0.7175000286102295,0.7141000032424927,-0.0,0,-0.0,2020-09-23,0.7175000286102295,1,2530.0,506,97,WIN,5.98,exit,False
145,146,CME Australian Dollar AUD,2020-06-19,AD,currency,1,0.6895500067710877,1,4605.0,921,0.7175000286102295,0.7141000032424927,-0.0,0,-0.0,2020-09-23,0.7175000286102295,1,2795.0,559,96,WIN,5.98,exit,False
146,147,CME Australian Dollar AUD,2020-06-22,AD,currency,1,0.6880499661445618,1,4455.0,891,0.7175000286102295,0.7141000032424927,-0.0,0,-0.0,2020-09-23,0.7175000286102295,1,2945.0,589,93,WIN,5.98,exit,False
147,148,CME Australian Dollar AUD,2020-06-23,AD,currency,1,0.6960000124931336,1,5250.0,1050,0.7175000286102295,0.7141000032424927,-0.0,0,-0.0,2020-09-23,0.7175000286102295,1,2150.0,430,92,WIN,5.98,exit,False
148,149,CME Australian Dollar AUD,2020-06-24,AD,currency,1,0.6969499965667725,1,5345.0,1069,0.7175000286102295,0.7141000032424927,-0.0,0,-0.0,2020-09-23,0.7175000286102295,1,2055.0,411,91,WIN,5.98,exit,False
149,150,CME Australian Dollar AUD,2020-06-25,AD,currency,1,0.6908999877929688,1,4740.0,948,0.7175000286102295,0.7141000032424927,-0.0,0,-0.0,2020-09-23,0.7175000286102295,1,2660.0,532,90,WIN,5.98,exit,False
150,151,CME Australian Dollar AUD,2020-06-26,AD,currency,1,0.6922499718666076,1,4775.0,955,0.7175000286102295,0.7141000032424927,-0.0,0,-0.0,2020-09-23,0.7175000286102295,1,2525.0,505,89,WIN,5.98,exit,False
151,152,CME Australian Dollar AUD,2020-06-29,AD,currency,1,0.6894499705314636,2,7110.0,711,0.7175000286102295,0.7141000032424927,-0.0,0,-0.0,2020-09-23,0.7175000286102295,2,5610.0,561,86,WIN,11.96,exit,False
152,153,CME Australian Dollar AUD,2020-06-30,AD,currency,1,0.6910000240325928,2,7420.0,742,0.7175000286102295,0.7141000032424927,-0.0,0,-0.0,2020-09-23,0.7175000286102295,2,5300.0,530,85,WIN,11.96,exit,False
153,154,CME Australian Dollar AUD,2020-07-01,AD,currency,1,0.6947000155448914,2,8160.0,816,0.7175000286102295,0.7141000032424927,-0.0,0,-0.0,2020-09-23,0.7175000286102295,2,4560.0,456,84,WIN,11.96,exit,False
154,155,CME Australian Dollar AUD,2020-07-02,AD,currency,1,0.6956500026702881,1,4175.0,835,0.7175000286102295,0.7141000032424927,-0.0,0,-0.0,2020-09-23,0.7175000286102295,1,2185.0,437,83,WIN,5.98,exit,False
155,156,CME Australian Dollar AUD,2020-07-06,AD,currency,1,0.6979500199317932,1,4285.0,857,0.7175000286102295,0.7141000032424927,-0.0,0,-0.0,2020-09-23,0.7175000286102295,1,1955.0,391,79,WIN,5.98,exit,False
156,157,CME Australian Dollar AUD,2020-07-07,AD,currency,1,0.7014500182151795,1,4155.0,831,0.7175000286102295,0.7141000032424927,-0.0,0,-0.0,2020-09-23,0.7175000286102295,1,1605.0,321,78,WIN,5.98,exit,False
157,158,CME Australian Dollar AUD,2020-07-08,AD,currency,1,0.6990000138282776,2,7380.0,738,0.7175000286102295,0.7141000032424927,-0.0,0,-0.0,2020-09-23,0.7175000286102295,2,3700.0,370,77,WIN,11.96,exit,False
158,159,CME Australian Dollar AUD,2020-07-09,AD,currency,1,0.7018999819755554,2,7360.0,736,0.7175000286102295,0.7141000032424927,-0.0,0,-0.0,2020-09-23,0.7175000286102295,2,3120.0,312,76,WIN,11.96,exit,False
159,160,CBOT Wheat,2020-07-09,W,grain,1,584.25,3,7092.0,197,571.75,535.0,-0.0,0,0.0,2020-08-05,571.75,3,-1800.0,-50,27,LOSE,17.94,exit,False
160,161,CME Australian Dollar AUD,2020-07-10,AD,currency,1,0.699700024318695,2,6340.0,634,0.7175000286102295,0.7141000032424927,-0.0,0,-0.0,2020-09-23,0.7175000286102295,2,3560.0,356,75,WIN,11.96,exit,False
161,162,CBOT Wheat,2020-07-10,W,grain,1,591.75,2,5448.0,227,571.75,535.0,-0.0,0,0.0,2020-08-05,571.75,2,-1920.0,-80,26,LOSE,11.96,exit,False
162,163,CME Australian Dollar AUD,2020-07-13,AD,currency,1,0.6997999677658081,4,7600.0,380,0.7175000286102295,0.7141000032424927,-0.0,0,-0.0,2020-09-23,0.7175000286102295,4,7080.0,354,72,WIN,23.92,exit,False
163,164,CBOT Wheat,2020-07-13,W,grain,1,594.0,2,5664.0,236,571.75,535.0,-0.0,0,0.0,2020-08-05,571.75,2,-2136.0,-89,23,LOSE,11.96,exit,False
164,165,CME Australian Dollar AUD,2020-07-14,AD,currency,1,0.6984499904632568,4,7020.0,351,0.7175000286102295,0.7141000032424927,-0.0,0,-0.0,2020-09-23,0.7175000286102295,4,7620.0,381,71,WIN,23.92,exit,False
165,166,CBOT Wheat,2020-07-14,W,grain,1,590.25,2,5304.0,221,571.75,535.0,-0.0,0,0.0,2020-08-05,571.75,2,-1776.0,-74,22,LOSE,11.96,exit,False
166,167,CME Australian Dollar AUD,2020-07-15,AD,currency,1,0.7025999917984008,3,6510.0,434,0.7175000286102295,0.7141000032424927,-0.0,0,-0.0,2020-09-23,0.7175000286102295,3,4470.0,298,70,WIN,17.94,exit,False
167,168,CBOT Wheat,2020-07-15,W,grain,1,597.25,2,5976.0,249,571.75,535.0,-0.0,0,0.0,2020-08-05,571.75,2,-2448.0,-102,21,LOSE,11.96,exit,False
168,169,CME Australian Dollar AUD,2020-07-16,AD,currency,1,0.7042000127792358,3,6990.0,466,0.7175000286102295,0.7141000032424927,-0.0,0,-0.0,2020-09-23,0.7175000286102295,3,3990.0,266,69,WIN,17.94,exit,False
169,170,CBOT Wheat,2020-07-16,W,grain,1,614.5,1,3816.0,318,571.75,535.0,-0.0,0,0.0,2020-08-05,571.75,1,-2052.0,-171,20,LOSE,5.98,exit,False
170,171,CME Australian Dollar AUD,2020-07-17,AD,currency,1,0.7012499948501587,3,6105.0,407,0.7175000286102295,0.7141000032424927,-0.0,0,-0.0,2020-09-23,0.7175000286102295,3,4875.0,325,68,WIN,17.94,exit,False
171,172,CBOT Wheat,2020-07-17,W,grain,1,600.75,2,6312.0,263,571.75,535.0,-0.0,0,0.0,2020-08-05,571.75,2,-2784.0,-116,19,LOSE,11.96,exit,False
172,173,CME Australian Dollar AUD,2020-07-20,AD,currency,1,0.7030999691009522,3,6660.0,444,0.7175000286102295,0.7141000032424927,-0.0,0,-0.0,2020-09-23,0.7175000286102295,3,4320.0,288,65,WIN,17.94,exit,False
173,174,CBOT Wheat,2020-07-20,W,grain,1,599.0,2,6144.0,256,571.75,535.0,-0.0,0,0.0,2020-08-05,571.75,2,-2616.0,-109,16,LOSE,11.96,exit,False
174,175,CBOT Wheat,2020-07-21,W,grain,1,587.25,2,5016.0,209,571.75,535.0,-0.0,0,0.0,2020-08-05,571.75,2,-1488.0,-62,15,LOSE,11.96,exit,False
175,176,CBOT Wheat,2020-07-22,W,grain,1,593.25,2,5592.0,233,571.75,535.0,-0.0,0,0.0,2020-08-05,571.75,2,-2064.0,-86,14,LOSE,11.96,exit,False
176,177,CBOT Wheat,2020-07-23,W,grain,1,599.0,1,3072.0,256,571.75,535.0,-0.0,0,0.0,2020-08-05,571.75,1,-1308.0,-109,13,LOSE,5.98,exit,False
177,178,CBOT Wheat,2020-07-24,W,grain,1,598.0,2,6048.0,252,571.75,535.0,-0.0,0,0.0,2020-08-05,571.75,2,-2520.0,-105,12,LOSE,11.96,exit,False
178,179,CBOT Wheat,2020-07-27,W,grain,1,602.75,1,3252.0,271,571.75,535.0,-0.0,0,0.0,2020-08-05,571.75,1,-1488.0,-124,9,LOSE,5.98,exit,False
179,180,CBOT Wheat,2020-07-28,W,grain,1,591.25,2,5400.0,225,571.75,535.0,-0.0,0,0.0,2020-08-05,571.75,2,-1872.0,-78,8,LOSE,11.96,exit,False
180,181,CBOT Wheat,2020-07-29,W,grain,1,590.0,2,5280.0,220,571.75,535.0,-0.0,0,0.0,2020-08-05,571.75,2,-1752.0,-73,7,LOSE,11.96,exit,False
181,182,CBOT Wheat,2020-07-30,W,grain,1,596.5,1,2952.0,246,571.75,535.0,-0.0,0,0.0,2020-08-05,571.75,1,-1188.0,-99,6,LOSE,5.98,exit,False
182,183,CBOT Wheat,2020-07-31,W,grain,1,594.25,1,2844.0,237,571.75,535.0,-0.0,0,0.0,2020-08-05,571.75,1,-1080.0,-90,5,LOSE,5.98,exit,False
183,184,CBOT Wheat,2020-08-03,W,grain,1,591.25,2,5400.0,225,571.75,535.0,-0.0,0,0.0,2020-08-05,571.75,2,-1872.0,-78,2,LOSE,11.96,exit,False
184,185,CBOT Wheat,2020-08-04,W,grain,1,585.0,2,4800.0,200,571.75,535.0,-0.0,0,0.0,2020-08-05,571.75,2,-1272.0,-53,1,LOSE,11.96,exit,False
185,186,CBOT Wheat,2020-08-21,W,grain,1,585.75,3,4824.0,134,641.0,616.5,-0.0,0,-0.0,2020-11-13,641.0,3,7956.0,221,84,WIN,17.94,exit,False
186,187,CBOT Wheat,2020-08-24,W,grain,1,592.25,2,3840.0,160,641.0,616.5,-0.0,0,-0.0,2020-11-13,641.0,2,4680.0,195,81,WIN,11.96,exit,False
187,188,CBOT Wheat,2020-08-25,W,grain,1,588.25,3,5184.0,144,641.0,616.5,-0.0,0,-0.0,2020-11-13,641.0,3,7596.0,211,80,WIN,17.94,exit,False
188,189,CBOT Wheat,2020-08-26,W,grain,1,591.75,2,3792.0,158,641.0,616.5,-0.0,0,-0.0,2020-11-13,641.0,2,4728.0,197,79,WIN,11.96,exit,False
189,190,CBOT Wheat,2020-08-27,W,grain,1,598.0,2,4392.0,183,641.0,616.5,-0.0,0,-0.0,2020-11-13,641.0,2,4128.0,172,78,WIN,11.96,exit,False
190,191,CBOT Wheat,2020-08-28,W,grain,1,607.5,1,2652.0,221,641.0,616.5,-0.0,0,-0.0,2020-11-13,641.0,1,1608.0,134,77,WIN,5.98,exit,False
191,192,CBOT Wheat,2020-08-31,W,grain,1,607.0,1,2628.0,219,641.0,616.5,-0.0,0,-0.0,2020-11-13,641.0,1,1632.0,136,74,WIN,5.98,exit,False
192,193,CBOT Wheat,2020-09-01,W,grain,1,609.75,1,2760.0,230,641.0,616.5,-0.0,0,-0.0,2020-11-13,641.0,1,1500.0,125,73,WIN,5.98,exit,False
193,194,CBOT Wheat,2020-09-03,W,grain,1,613.75,1,2952.0,246,641.0,616.5,-0.0,0,-0.0,2020-11-13,641.0,1,1308.0,109,71,WIN,5.98,exit,False
194,195,CBOT Wheat,2020-09-04,W,grain,1,609.5,1,2748.0,229,641.0,616.5,-0.0,0,-0.0,2020-11-13,641.0,1,1512.0,126,70,WIN,5.98,exit,False
195,196,CBOT Wheat,2020-09-08,W,grain,1,604.75,1,2520.0,210,641.0,616.5,-0.0,0,-0.0,2020-11-13,641.0,1,1740.0,145,66,WIN,5.98,exit,False
196,197,CBOT Wheat,2020-09-09,W,grain,1,600.5,2,4632.0,193,641.0,616.5,-0.0,0,-0.0,2020-11-13,641.0,2,3888.0,162,65,WIN,11.96,exit,False
197,198,CBOT Wheat,2020-09-10,W,grain,1,602.25,1,2400.0,200,641.0,616.5,-0.0,0,-0.0,2020-11-13,641.0,1,1860.0,155,64,WIN,5.98,exit,False
198,199,CBOT Wheat,2020-09-11,W,grain,1,604.5,1,2508.0,209,641.0,616.5,-0.0,0,-0.0,2020-11-13,641.0,1,1752.0,146,63,WIN,5.98,exit,False
199,200,CBOT Wheat,2020-09-14,W,grain,1,599.0,1,2244.0,187,641.0,616.5,-0.0,0,-0.0,2020-11-13,641.0,1,2016.0,168,60,WIN,5.98,exit,False
200,201,CBOT Wheat,2020-09-15,W,grain,1,601.5,1,2364.0,197,641.0,616.5,-0.0,0,-0.0,2020-11-13,641.0,1,1896.0,158,59,WIN,5.98,exit,False
201,202,CBOT Wheat,2020-09-16,W,grain,1,592.75,2,3888.0,162,641.0,616.5,-0.0,0,-0.0,2020-11-13,641.0,2,4632.0,193,58,WIN,11.96,exit,False
202,203,CBOT Wheat,2020-09-17,W,grain,1,601.0,1,2340.0,195,641.0,616.5,-0.0,0,-0.0,2020-11-13,641.0,1,1920.0,160,57,WIN,5.98,exit,False
203,204,CBOT Wheat,2020-09-18,W,grain,1,616.5,1,3084.0,257,641.0,616.5,-0.0,0,-0.0,2020-11-13,641.0,1,1176.0,98,56,WIN,5.98,exit,False
204,205,CBOT Wheat,2020-09-22,W,grain,1,612.25,1,2880.0,240,641.0,616.5,-0.0,0,-0.0,2020-11-13,641.0,1,1380.0,115,52,WIN,5.98,exit,False
205,206,CBOT Wheat,2020-09-23,W,grain,1,614.25,4,11712.0,244,641.0,616.5,-0.0,0,-0.0,2020-11-13,641.0,4,5136.0,107,51,WIN,23.92,exit,False
206,207,CBOT Wheat,2020-09-24,W,grain,1,604.75,6,13392.0,186,641.0,616.5,-0.0,0,-0.0,2020-11-13,641.0,6,10440.0,145,50,WIN,35.88,exit,False
207,208,CBOT Wheat,2020-09-25,W,grain,1,607.5,6,12312.0,171,641.0,616.5,-0.0,0,-0.0,2020-11-13,641.0,6,9648.0,134,49,WIN,35.88,exit,False
208,209,CBOT Wheat,2020-09-28,W,grain,1,602.0,8,13056.0,136,641.0,616.5,-0.0,0,-0.0,2020-11-13,641.0,8,14976.0,156,46,WIN,47.84,exit,False
209,210,CBOT Wheat,2020-09-29,W,grain,1,606.75,7,12012.0,143,641.0,616.5,-0.0,0,-0.0,2020-11-13,641.0,7,11508.0,137,45,WIN,41.86,exit,False
210,211,CBOT Wheat,2020-09-30,W,grain,1,613.5,6,12240.0,170,641.0,616.5,-0.0,0,-0.0,2020-11-13,641.0,6,7920.0,110,44,WIN,35.88,exit,False
211,212,CBOT Wheat,2020-10-01,W,grain,1,631.75,5,12660.0,211,641.0,616.5,-0.0,0,-0.0,2020-11-13,641.0,5,2220.0,37,43,WIN,29.900000000000002,exit,False
212,213,CBOT Wheat,2020-10-02,W,grain,1,626.25,5,11280.0,188,641.0,616.5,-0.0,0,-0.0,2020-11-13,641.0,5,3540.0,59,42,WIN,29.900000000000002,exit,False
213,214,CBOT Wheat,2020-10-05,W,grain,1,633.0,5,11940.0,199,641.0,616.5,-0.0,0,-0.0,2020-11-13,641.0,5,1920.0,32,39,WIN,29.900000000000002,exit,False
214,215,CBOT Wheat,2020-10-06,W,grain,1,644.5,4,11088.0,231,641.0,616.5,-0.0,0,0.0,2020-11-13,641.0,4,-672.0,-14,38,LOSE,23.92,exit,False
215,216,CBOT Wheat,2020-10-07,W,grain,1,651.5,4,12096.0,252,641.0,616.5,-0.0,0,0.0,2020-11-13,641.0,4,-2016.0,-42,37,LOSE,23.92,exit,False
216,217,CBOT Wheat,2020-10-08,W,grain,1,666.0,3,11160.0,310,641.0,616.5,-0.0,0,0.0,2020-11-13,641.0,3,-3600.0,-100,36,LOSE,17.94,exit,False
217,218,CBOT Wheat,2020-10-09,W,grain,1,652.5,3,9216.0,256,641.0,616.5,-0.0,0,0.0,2020-11-13,641.0,3,-1656.0,-46,35,LOSE,17.94,exit,False
218,219,CBOT Wheat,2020-10-12,W,grain,1,649.25,4,11664.0,243,641.0,616.5,-0.0,0,0.0,2020-11-13,641.0,4,-1584.0,-33,32,LOSE,23.92,exit,False
219,220,CME Australian Dollar AUD,2020-10-13,AD,currency,1,0.7240500367164612,5,10125.0,405,0.7187500248908997,0.7038000226020813,-0.0,0,0.0,2020-10-14,0.7187500248908997,5,-2650.0,-106,1,LOSE,29.900000000000002,exit,False
220,221,CBOT Wheat,2020-10-13,W,grain,1,653.5,3,9360.0,260,641.0,616.5,-0.0,0,0.0,2020-11-13,641.0,3,-1800.0,-50,31,LOSE,17.94,exit,False
221,222,CME Australian Dollar AUD,2020-11-06,AD,currency,1,0.7300000387191773,4,11120.0,556,0.763050044631958,0.7494000196456909,-0.0,0,-0.0,2021-02-03,0.763050044631958,4,13220.0,661,89,WIN,23.92,exit,False
222,223,CME Australian Dollar AUD,2020-11-09,AD,currency,1,0.7325500061988831,3,9105.0,607,0.763050044631958,0.7494000196456909,-0.0,0,-0.0,2021-02-03,0.763050044631958,3,9150.0,610,86,WIN,17.94,exit,False
223,224,CME Australian Dollar AUD,2020-11-10,AD,currency,1,0.7309000092506409,4,11480.0,574,0.763050044631958,0.7494000196456909,-0.0,0,-0.0,2021-02-03,0.763050044631958,4,12860.0,643,85,WIN,23.92,exit,False
224,225,CME Australian Dollar AUD,2020-11-11,AD,currency,1,0.7325500031471253,3,9105.0,607,0.763050044631958,0.7494000196456909,-0.0,0,-0.0,2021-02-03,0.763050044631958,3,9150.0,610,84,WIN,17.94,exit,False
225,226,CME Australian Dollar AUD,2020-11-12,AD,currency,1,0.731400006198883,4,11680.0,584,0.763050044631958,0.7494000196456909,-0.0,0,-0.0,2021-02-03,0.763050044631958,4,12660.0,633,83,WIN,23.92,exit,False
226,227,CME Australian Dollar AUD,2020-11-13,AD,currency,1,0.7273500011444092,5,12575.0,503,0.763050044631958,0.7494000196456909,-0.0,0,-0.0,2021-02-03,0.763050044631958,5,17850.0,714,82,WIN,29.900000000000002,exit,False
227,228,CME Australian Dollar AUD,2020-11-16,AD,currency,1,0.7313000454902648,5,14550.0,582,0.763050044631958,0.7494000196456909,-0.0,0,-0.0,2021-02-03,0.763050044631958,5,15875.0,635,79,WIN,29.900000000000002,exit,False
228,229,CME Australian Dollar AUD,2020-11-17,AD,currency,1,0.7352000075340271,4,13200.0,660,0.763050044631958,0.7494000196456909,-0.0,0,-0.0,2021-02-03,0.763050044631958,4,11140.0,557,78,WIN,23.92,exit,False
229,230,CME Australian Dollar AUD,2020-11-18,AD,currency,1,0.7337500234603882,4,12620.0,631,0.763050044631958,0.7494000196456909,-0.0,0,-0.0,2021-02-03,0.763050044631958,4,11720.0,586,77,WIN,23.92,exit,False
230,231,CME Australian Dollar AUD,2020-11-19,AD,currency,1,0.7334500468254089,4,12500.0,625,0.763050044631958,0.7494000196456909,-0.0,0,-0.0,2021-02-03,0.763050044631958,4,11840.0,592,76,WIN,23.92,exit,False
231,232,CME Australian Dollar AUD,2020-11-20,AD,currency,1,0.7319000160217285,4,11880.0,594,0.763050044631958,0.7494000196456909,-0.0,0,-0.0,2021-02-03,0.763050044631958,4,12460.0,623,75,WIN,23.92,exit,False
232,233,CME Australian Dollar AUD,2020-11-23,AD,currency,1,0.7342000385284424,4,12800.0,640,0.763050044631958,0.7494000196456909,-0.0,0,-0.0,2021-02-03,0.763050044631958,4,11540.0,577,72,WIN,23.92,exit,False
233,234,CME Australian Dollar AUD,2020-11-24,AD,currency,1,0.7337500031471252,4,12620.0,631,0.763050044631958,0.7494000196456909,-0.0,0,-0.0,2021-02-03,0.763050044631958,4,11720.0,586,71,WIN,23.92,exit,False
234,235,CME Australian Dollar AUD,2020-11-25,AD,currency,1,0.739400030708313,3,11160.0,744,0.763050044631958,0.7494000196456909,-0.0,0,-0.0,2021-02-03,0.763050044631958,3,7095.0,473,70,WIN,17.94,exit,False
235,236,CBOT Wheat,2020-11-25,W,grain,1,667.5,9,13284.0,123,647.5,636.75,-0.0,0,0.0,2020-11-27,647.5,9,-8640.0,-80,2,LOSE,53.82000000000001,exit,False
236,237,CME Australian Dollar AUD,2020-11-27,AD,currency,1,0.7403000291824341,3,11430.0,762,0.763050044631958,0.7494000196456909,-0.0,0,-0.0,2021-02-03,0.763050044631958,3,6825.0,455,68,WIN,17.94,exit,False
237,238,CME Australian Dollar AUD,2020-11-30,AD,currency,1,0.7424000267982482,3,12060.0,804,0.763050044631958,0.7494000196456909,-0.0,0,-0.0,2021-02-03,0.763050044631958,3,6195.0,413,65,WIN,17.94,exit,False
238,239,CME Australian Dollar AUD,2020-12-01,AD,currency,1,0.738250011920929,3,10815.0,721,0.763050044631958,0.7494000196456909,-0.0,0,-0.0,2021-02-03,0.763050044631958,3,7440.0,496,64,WIN,17.94,exit,False
239,240,CME Australian Dollar AUD,2020-12-02,AD,currency,1,0.7415500080108642,3,11805.0,787,0.763050044631958,0.7494000196456909,-0.0,0,-0.0,2021-02-03,0.763050044631958,3,6450.0,430,63,WIN,17.94,exit,False
240,241,CME Australian Dollar AUD,2020-12-03,AD,currency,1,0.7453000244140625,3,12930.0,862,0.763050044631958,0.7494000196456909,-0.0,0,-0.0,2021-02-03,0.763050044631958,3,5325.0,355,62,WIN,17.94,exit,False
241,242,CME Australian Dollar AUD,2020-12-04,AD,currency,1,0.7470500220298767,3,13455.0,897,0.763050044631958,0.7494000196456909,-0.0,0,-0.0,2021-02-03,0.763050044631958,3,4800.0,320,61,WIN,17.94,exit,False
242,243,CME Australian Dollar AUD,2020-12-07,AD,currency,1,0.7467000084877015,3,13350.0,890,0.763050044631958,0.7494000196456909,-0.0,0,-0.0,2021-02-03,0.763050044631958,3,4905.0,327,58,WIN,17.94,exit,False
243,244,CME Australian Dollar AUD,2020-12-08,AD,currency,1,0.7452500311851501,3,12915.0,861,0.763050044631958,0.7494000196456909,-0.0,0,-0.0,2021-02-03,0.763050044631958,3,5340.0,356,57,WIN,17.94,exit,False
244,245,CME Australian Dollar AUD,2020-12-09,AD,currency,1,0.745950034236908,3,13125.0,875,0.763050044631958,0.7494000196456909,-0.0,0,-0.0,2021-02-03,0.763050044631958,3,5130.0,342,56,WIN,17.94,exit,False
245,246,CME Australian Dollar AUD,2020-12-10,AD,currency,1,0.7492000318527222,2,9400.0,940,0.763050044631958,0.7494000196456909,-0.0,0,-0.0,2021-02-03,0.763050044631958,2,2770.0,277,55,WIN,11.96,exit,False
246,247,CME Australian Dollar AUD,2020-12-11,AD,currency,1,0.7574000057220459,2,11040.0,1104,0.763050044631958,0.7494000196456909,-0.0,0,-0.0,2021-02-03,0.763050044631958,2,1130.0,113,54,WIN,11.96,exit,False
247,248,CME Australian Dollar AUD,2020-12-14,AD,currency,1,0.7588000411033631,2,10560.0,1056,0.763050044631958,0.7494000196456909,-0.0,0,-0.0,2021-02-03,0.763050044631958,2,850.0,85,51,WIN,11.96,exit,False
248,249,CME Australian Dollar AUD,2020-12-15,AD,currency,1,0.7572000155448914,2,9820.0,982,0.763050044631958,0.7494000196456909,-0.0,0,-0.0,2021-02-03,0.763050044631958,2,1170.0,117,50,WIN,11.96,exit,False
249,250,CME Australian Dollar AUD,2020-12-16,AD,currency,1,0.7590000229835511,3,12390.0,826,0.763050044631958,0.7494000196456909,-0.0,0,-0.0,2021-02-03,0.763050044631958,3,1215.0,81,49,WIN,17.94,exit,False
250,251,CBOT Wheat,2020-12-16,W,grain,1,651.25,6,11016.0,153,681.0,671.75,-0.0,0,-0.0,2021-02-12,681.0,6,8568.0,119,58,WIN,35.88,exit,False
251,252,CME Australian Dollar AUD,2020-12-17,AD,currency,1,0.7620000485420227,3,11010.0,734,0.763050044631958,0.7494000196456909,-0.0,0,-0.0,2021-02-03,0.763050044631958,3,315.0,21,48,WIN,17.94,exit,False
252,253,CBOT Wheat,2020-12-17,W,grain,1,649.75,7,12348.0,147,681.0,671.75,-0.0,0,-0.0,2021-02-12,681.0,7,10500.0,125,57,WIN,41.86,exit,False
253,254,CME Australian Dollar AUD,2020-12-18,AD,currency,1,0.7654000354766846,3,12030.0,802,0.763050044631958,0.7494000196456909,-0.0,0,0.0,2021-02-03,0.763050044631958,3,-705.0,-47,47,LOSE,17.94,exit,False
254,255,CBOT Wheat,2020-12-18,W,grain,1,659.75,5,11220.0,187,681.0,671.75,-0.0,0,-0.0,2021-02-12,681.0,5,5100.0,85,56,WIN,29.900000000000002,exit,False
255,256,CME Australian Dollar AUD,2020-12-21,AD,currency,1,0.7634500016212463,3,11445.0,763,0.763050044631958,0.7494000196456909,-0.0,0,0.0,2021-02-03,0.763050044631958,3,-120.0,-8,44,LOSE,17.94,exit,False
256,257,CBOT Wheat,2020-12-21,W,grain,1,659.0,5,11040.0,184,681.0,671.75,-0.0,0,-0.0,2021-02-12,681.0,5,5280.0,88,53,WIN,29.900000000000002,exit,False
257,258,CBOT Wheat,2020-12-22,W,grain,1,664.0,5,12240.0,204,681.0,671.75,-0.0,0,-0.0,2021-02-12,681.0,5,4080.0,68,52,WIN,29.900000000000002,exit,False
258,259,CBOT Wheat,2020-12-23,W,grain,1,667.25,4,10416.0,217,681.0,671.75,-0.0,0,-0.0,2021-02-12,681.0,4,2640.0,55,51,WIN,23.92,exit,False
259,260,CBOT Wheat,2020-12-24,W,grain,1,679.25,3,9540.0,265,681.0,671.75,-0.0,0,-0.0,2021-02-12,681.0,3,252.0,7,50,WIN,17.94,exit,False
260,261,CBOT Wheat,2020-12-28,W,grain,1,675.5,4,12000.0,250,681.0,671.75,-0.0,0,-0.0,2021-02-12,681.0,4,1056.0,22,46,WIN,23.92,exit,False
261,262,CBOT Wheat,2020-12-29,W,grain,1,664.0,5,12240.0,204,681.0,671.75,-0.0,0,-0.0,2021-02-12,681.0,5,4080.0,68,45,WIN,29.900000000000002,exit,False
262,263,CBOT Wheat,2020-12-30,W,grain,1,673.5,4,11616.0,242,681.0,671.75,-0.0,0,-0.0,2021-02-12,681.0,4,1440.0,30,44,WIN,23.92,exit,False
263,264,CBOT Wheat,2020-12-31,W,grain,1,688.5,3,10872.0,302,681.0,671.75,-0.0,0,0.0,2021-02-12,681.0,3,-1080.0,-30,43,LOSE,17.94,exit,False
264,265,CBOT Wheat,2021-01-04,W,grain,1,692.25,2,7608.0,317,681.0,671.75,-0.0,0,0.0,2021-02-12,681.0,2,-1080.0,-45,39,LOSE,11.96,exit,False
265,266,CBOT Wheat,2021-01-05,W,grain,1,694.75,2,7848.0,327,681.0,671.75,-0.0,0,0.0,2021-02-12,681.0,2,-1320.0,-55,38,LOSE,11.96,exit,False
266,267,CBOT Wheat,2021-01-06,W,grain,1,703.0,2,8640.0,360,681.0,671.75,-0.0,0,0.0,2021-02-12,681.0,2,-2112.0,-88,37,LOSE,11.96,exit,False
267,268,CBOT Wheat,2021-01-07,W,grain,1,694.75,2,7848.0,327,681.0,671.75,-0.0,0,0.0,2021-02-12,681.0,2,-1320.0,-55,36,LOSE,11.96,exit,False
268,269,CBOT Wheat,2021-01-08,W,grain,1,693.5,2,7728.0,322,681.0,671.75,-0.0,0,0.0,2021-02-12,681.0,2,-1200.0,-50,35,LOSE,11.96,exit,False
269,270,CBOT Wheat,2021-01-11,W,grain,1,689.5,2,7344.0,306,681.0,671.75,-0.0,0,0.0,2021-02-12,681.0,2,-816.0,-34,32,LOSE,11.96,exit,False
270,271,CBOT Wheat,2021-01-12,W,grain,1,692.25,2,7608.0,317,681.0,671.75,-0.0,0,0.0,2021-02-12,681.0,2,-1080.0,-45,31,LOSE,11.96,exit,False
271,272,CBOT Wheat,2021-01-13,W,grain,1,716.5,1,4968.0,414,681.0,671.75,-0.0,0,0.0,2021-02-12,681.0,1,-1704.0,-142,30,LOSE,5.98,exit,False
272,273,CBOT Wheat,2021-01-14,W,grain,1,710.75,2,9384.0,391,681.0,671.75,-0.0,0,0.0,2021-02-12,681.0,2,-2856.0,-119,29,LOSE,11.96,exit,False
273,274,CBOT Wheat,2021-01-15,W,grain,1,724.0,1,5328.0,444,681.0,671.75,-0.0,0,0.0,2021-02-12,681.0,1,-2064.0,-172,28,LOSE,5.98,exit,False
274,275,CBOT Wheat,2021-01-19,W,grain,1,733.25,1,5772.0,481,681.0,671.75,-0.0,0,0.0,2021-02-12,681.0,1,-2508.0,-209,24,LOSE,5.98,exit,False
275,276,CBOT Wheat,2021-01-20,W,grain,1,723.0,1,5196.0,433,681.0,671.75,-0.0,0,0.0,2021-02-12,681.0,1,-2016.0,-168,23,LOSE,5.98,exit,False
276,277,CBOT Wheat,2021-01-21,W,grain,1,716.0,1,4860.0,405,681.0,671.75,-0.0,0,0.0,2021-02-12,681.0,1,-1680.0,-140,22,LOSE,5.98,exit,False
277,278,CBOT Wheat,2021-01-22,W,grain,1,706.0,2,7152.0,298,681.0,671.75,-0.0,0,0.0,2021-02-12,681.0,2,-2400.0,-100,21,LOSE,11.96,exit,False
278,279,CBOT Wheat,2021-01-25,W,grain,1,685.0,4,9168.0,191,681.0,671.75,-0.0,0,0.0,2021-02-12,681.0,4,-768.0,-16,18,LOSE,23.92,exit,False
279,280,CBOT Wheat,2021-01-26,W,grain,1,699.5,3,8964.0,249,681.0,671.75,-0.0,0,0.0,2021-02-12,681.0,3,-2664.0,-74,17,LOSE,17.94,exit,False
280,281,CBOT Wheat,2021-01-27,W,grain,1,713.25,2,7296.0,304,681.0,671.75,-0.0,0,0.0,2021-02-12,681.0,2,-3096.0,-129,16,LOSE,11.96,exit,False
281,282,CBOT Wheat,2021-01-28,W,grain,1,705.0,3,9756.0,271,681.0,671.75,-0.0,0,0.0,2021-02-12,681.0,3,-3456.0,-96,15,LOSE,17.94,exit,False
282,283,CBOT Wheat,2021-01-29,W,grain,1,698.25,4,10416.0,217,681.0,671.75,-0.0,0,0.0,2021-02-12,681.0,4,-3312.0,-69,14,LOSE,23.92,exit,False
283,284,CBOT Wheat,2021-02-01,W,grain,1,713.0,3,9936.0,276,681.0,671.75,-0.0,0,0.0,2021-02-12,681.0,3,-4608.0,-128,11,LOSE,17.94,exit,False
284,285,CBOT Wheat,2021-02-02,W,grain,1,703.0,3,8496.0,236,681.0,671.75,-0.0,0,0.0,2021-02-12,681.0,3,-3168.0,-88,10,LOSE,17.94,exit,False
285,286,CBOT Wheat,2021-02-03,W,grain,1,694.75,7,14868.0,177,681.0,671.75,-0.0,0,0.0,2021-02-12,681.0,7,-4620.0,-55,9,LOSE,41.86,exit,False
286,287,CME Australian Dollar AUD,2021-02-09,AD,currency,1,0.7738000449180603,10,14950.0,299,0.7704500064849854,0.7588500380516052,-0.0,0,0.0,2021-03-08,0.7704500064849854,10,-3350.0,-67,27,LOSE,59.800000000000004,exit,False
287,288,CME Australian Dollar AUD,2021-02-10,AD,currency,1,0.7764500062942505,9,15840.0,352,0.7704500064849854,0.7588500380516052,-0.0,0,0.0,2021-03-08,0.7704500064849854,9,-5400.0,-120,26,LOSE,53.82000000000001,exit,False
288,289,CME Australian Dollar AUD,2021-02-11,AD,currency,1,0.7759000372886657,9,15345.0,341,0.7704500064849854,0.7588500380516052,-0.0,0,0.0,2021-03-08,0.7704500064849854,9,-4905.0,-109,25,LOSE,53.82000000000001,exit,False
289,290,CME Australian Dollar AUD,2021-02-12,AD,currency,1,0.7781000318527221,8,15400.0,385,0.7704500064849854,0.7588500380516052,-0.0,0,0.0,2021-03-08,0.7704500064849854,8,-6120.0,-153,24,LOSE,47.84,exit,False
290,291,CME Australian Dollar AUD,2021-02-16,AD,currency,1,0.7796500288009643,8,16640.0,416,0.7704500064849854,0.7588500380516052,-0.0,0,0.0,2021-03-08,0.7704500064849854,8,-7360.0,-184,20,LOSE,47.84,exit,False
291,292,CME Australian Dollar AUD,2021-02-17,AD,currency,1,0.7780000250816346,8,15320.0,383,0.7704500064849854,0.7588500380516052,-0.0,0,0.0,2021-03-08,0.7704500064849854,8,-6040.0,-151,19,LOSE,47.84,exit,False
292,293,CBOT Wheat,2021-02-17,W,grain,1,707.25,9,15336.0,142,697.75,671.75,-0.0,0,0.0,2021-03-08,697.75,9,-4104.0,-38,19,LOSE,53.82000000000001,exit,False
293,294,CME Australian Dollar AUD,2021-02-18,AD,currency,1,0.7785500499725342,8,15760.0,394,0.7704500064849854,0.7588500380516052,-0.0,0,0.0,2021-03-08,0.7704500064849854,8,-6480.0,-162,18,LOSE,47.84,exit,False
294,295,CBOT Wheat,2021-02-18,W,grain,1,696.0,14,16296.0,97,697.75,671.75,-0.0,0,-0.0,2021-03-08,697.75,14,1176.0,7,18,WIN,83.72,exit,False
295,296,CME Australian Dollar AUD,2021-02-19,AD,currency,1,0.78195001745224,7,16170.0,462,0.7704500064849854,0.7588500380516052,-0.0,0,0.0,2021-03-08,0.7704500064849854,7,-8050.0,-230,17,LOSE,41.86,exit,False
296,297,CBOT Wheat,2021-02-19,W,grain,1,711.75,8,15360.0,160,697.75,671.75,-0.0,0,0.0,2021-03-08,697.75,8,-5376.0,-56,17,LOSE,47.84,exit,False
297,298,CME Australian Dollar AUD,2021-02-22,AD,currency,1,0.7909500063896179,5,16050.0,642,0.7704500064849854,0.7588500380516052,-0.0,0,0.0,2021-03-08,0.7704500064849854,5,-10250.0,-410,14,LOSE,29.900000000000002,exit,False
298,299,CBOT Wheat,2021-02-22,W,grain,1,704.5,10,15720.0,131,697.75,671.75,-0.0,0,0.0,2021-03-08,697.75,10,-3240.0,-27,14,LOSE,59.800000000000004,exit,False
299,300,CME Australian Dollar AUD,2021-02-23,AD,currency,1,0.7944000129699706,4,14220.0,711,0.7704500064849854,0.7588500380516052,-0.0,0,0.0,2021-03-08,0.7704500064849854,4,-9580.0,-479,13,LOSE,23.92,exit,False
300,301,CBOT Wheat,2021-02-23,W,grain,1,714.5,7,14364.0,171,697.75,671.75,-0.0,0,0.0,2021-03-08,697.75,7,-5628.0,-67,13,LOSE,41.86,exit,False
301,302,CME Australian Dollar AUD,2021-02-24,AD,currency,1,0.7950500061988831,4,14480.0,724,0.7704500064849854,0.7588500380516052,-0.0,0,0.0,2021-03-08,0.7704500064849854,4,-9840.0,-492,12,LOSE,23.92,exit,False
302,303,CBOT Wheat,2021-02-24,W,grain,1,718.0,7,15540.0,185,697.75,671.75,-0.0,0,0.0,2021-03-08,697.75,7,-6804.0,-81,12,LOSE,41.86,exit,False
303,304,CME Australian Dollar AUD,2021-02-25,AD,currency,1,0.7998500512123108,3,12300.0,820,0.7704500064849854,0.7588500380516052,-0.0,0,0.0,2021-03-08,0.7704500064849854,3,-8820.0,-588,11,LOSE,17.94,exit,False
304,305,CBOT Wheat,2021-02-25,W,grain,1,725.5,5,12900.0,215,697.75,671.75,-0.0,0,0.0,2021-03-08,697.75,5,-6660.0,-111,11,LOSE,29.900000000000002,exit,False
305,306,CME Australian Dollar AUD,2021-02-26,AD,currency,1,0.7902500380516052,4,12560.0,628,0.7704500064849854,0.7588500380516052,-0.0,0,0.0,2021-03-08,0.7704500064849854,4,-7920.0,-396,10,LOSE,23.92,exit,False
306,307,CBOT Wheat,2021-02-26,W,grain,1,715.75,7,14784.0,176,697.75,671.75,-0.0,0,0.0,2021-03-08,697.75,7,-6048.0,-72,10,LOSE,41.86,exit,False
307,308,CME Australian Dollar AUD,2021-03-01,AD,currency,1,0.7757999973297119,10,16950.0,339,0.7704500064849854,0.7588500380516052,-0.0,0,0.0,2021-03-08,0.7704500064849854,10,-5350.0,-107,7,LOSE,59.800000000000004,exit,False
308,309,CBOT Wheat,2021-03-01,W,grain,1,706.5,10,16680.0,139,697.75,671.75,-0.0,0,0.0,2021-03-08,697.75,10,-4200.0,-35,7,LOSE,59.800000000000004,exit,False
309,310,CME Australian Dollar AUD,2021-03-02,AD,currency,1,0.7812500242233277,7,15680.0,448,0.7704500064849854,0.7588500380516052,-0.0,0,0.0,2021-03-08,0.7704500064849854,7,-7560.0,-216,6,LOSE,41.86,exit,False
310,311,CBOT Wheat,2021-03-02,W,grain,1,699.75,13,17472.0,112,697.75,671.75,-0.0,0,0.0,2021-03-08,697.75,13,-1248.0,-8,6,LOSE,77.74000000000001,exit,False
311,312,CBOT Wheat,2021-03-03,W,grain,1,706.75,9,15120.0,140,697.75,671.75,-0.0,0,0.0,2021-03-08,697.75,9,-3888.0,-36,5,LOSE,53.82000000000001,exit,False
312,313,CBOT Wheat,2021-03-04,W,grain,1,699.5,12,15984.0,111,697.75,671.75,-0.0,0,0.0,2021-03-08,697.75,12,-1008.0,-7,4,LOSE,71.76,exit,False
313,314,CME Australian Dollar AUD,2021-03-18,AD,currency,1,0.7832999456405639,6,13560.0,452,0.7644000053405762,0.7644000053405762,0.0,0,0.0,2021-03-23,0.7644000053405762,6,-11340.0,-378,5,LOSE,35.88,stop,False
314,315,CME Australian Dollar AUD,2021-03-19,AD,currency,1,0.7784499541282653,10,14050.0,281,0.7644000053405762,0.7644000053405762,0.0,0,0.0,2021-03-23,0.7644000053405762,10,-14050.0,-281,4,LOSE,59.800000000000004,stop,False
315,316,CME Australian Dollar AUD,2021-03-22,AD,currency,1,0.7751999792098999,14,15120.0,216,0.7644000053405762,0.7644000053405762,0.0,0,0.0,2021-03-23,0.7644000053405762,14,-15120.0,-216,1,LOSE,83.72,stop,False
316,317,CME Australian Dollar AUD,2021-03-23,AD,currency,1,0.7767999685287476,11,14080.0,256,0.7639999985694885,0.7639999985694885,0.0,0,0.0,2021-03-23,0.7639999985694885,11,-14080.0,-256,0,LOSE,65.78,stop,False
317,318,CBOT Wheat,2021-04-15,W,grain,1,693.25,5,13680.0,228,721.0,659.0,-0.0,0,-0.0,2021-05-20,721.0,5,6660.0,111,35,WIN,29.900000000000002,exit,False
318,319,CME Australian Dollar AUD,2021-04-16,AD,currency,1,0.7775499488830566,6,13290.0,443,0.7745499881744384,0.769599974155426,-0.0,0,0.0,2021-05-28,0.7745499881744384,6,-1800.0,-60,42,LOSE,35.88,exit,False
319,320,CBOT Wheat,2021-04-16,W,grain,1,697.25,5,14640.0,244,721.0,659.0,-0.0,0,-0.0,2021-05-20,721.0,5,5700.0,95,34,WIN,29.900000000000002,exit,False
320,321,CME Australian Dollar AUD,2021-04-19,AD,currency,1,0.776399976158142,7,14700.0,420,0.7745499881744384,0.769599974155426,-0.0,0,0.0,2021-05-28,0.7745499881744384,7,-1295.0,-37,39,LOSE,41.86,exit,False
321,322,CBOT Wheat,2021-04-19,W,grain,1,698.75,4,12000.0,250,721.0,659.0,-0.0,0,-0.0,2021-05-20,721.0,4,4272.0,89,31,WIN,23.92,exit,False
322,323,CME Australian Dollar AUD,2021-04-20,AD,currency,1,0.7791999473571777,6,14280.0,476,0.7745499881744384,0.769599974155426,-0.0,0,0.0,2021-05-28,0.7745499881744384,6,-2790.0,-93,38,LOSE,35.88,exit,False
323,324,CBOT Wheat,2021-04-20,W,grain,1,700.75,4,12384.0,258,721.0,659.0,-0.0,0,-0.0,2021-05-20,721.0,4,3888.0,81,30,WIN,23.92,exit,False
324,325,CME Australian Dollar AUD,2021-04-21,AD,currency,1,0.7756499942779541,7,14175.0,405,0.7745499881744384,0.769599974155426,-0.0,0,0.0,2021-05-28,0.7745499881744384,7,-770.0,-22,37,LOSE,41.86,exit,False
325,326,CBOT Wheat,2021-04-21,W,grain,1,709.5,4,14064.0,293,721.0,659.0,-0.0,0,-0.0,2021-05-20,721.0,4,2208.0,46,29,WIN,23.92,exit,False
326,327,CME Australian Dollar AUD,2021-04-22,AD,currency,1,0.7776499488830566,6,13350.0,445,0.7745499881744384,0.769599974155426,-0.0,0,0.0,2021-05-28,0.7745499881744384,6,-1860.0,-62,36,LOSE,35.88,exit,False
327,328,CBOT Wheat,2021-04-22,W,grain,1,727.0,3,13068.0,363,721.0,659.0,-0.0,0,0.0,2021-05-20,721.0,3,-864.0,-24,28,LOSE,17.94,exit,False
328,329,CME Australian Dollar AUD,2021-04-23,AD,currency,1,0.77444997549057,7,13335.0,381,0.7745499881744384,0.769599974155426,-0.0,0,-0.0,2021-05-28,0.7745499881744384,7,70.0,2,35,WIN,41.86,exit,False
329,330,CBOT Wheat,2021-04-23,W,grain,1,752.5,2,11160.0,465,721.0,659.0,-0.0,0,0.0,2021-05-20,721.0,2,-3024.0,-126,27,LOSE,11.96,exit,False
330,331,CME Australian Dollar AUD,2021-04-26,AD,currency,1,0.7785499768257141,6,13890.0,463,0.7745499881744384,0.769599974155426,-0.0,0,0.0,2021-05-28,0.7745499881744384,6,-2400.0,-80,32,LOSE,35.88,exit,False
331,332,CBOT Wheat,2021-04-26,W,grain,1,763.75,2,12240.0,510,721.0,659.0,-0.0,0,0.0,2021-05-20,721.0,2,-4104.0,-171,24,LOSE,11.96,exit,False
332,333,CME Australian Dollar AUD,2021-04-27,AD,currency,1,0.7824999607086182,4,10840.0,542,0.7745499881744384,0.769599974155426,-0.0,0,0.0,2021-05-28,0.7745499881744384,4,-3180.0,-159,31,LOSE,23.92,exit,False
333,334,CBOT Wheat,2021-04-27,W,grain,1,786.0,1,7188.0,599,721.0,659.0,-0.0,0,0.0,2021-05-20,721.0,1,-3120.0,-260,23,LOSE,5.98,exit,False
334,335,CME Australian Dollar AUD,2021-04-28,AD,currency,1,0.7797999842643738,5,12200.0,488,0.7745499881744384,0.769599974155426,-0.0,0,0.0,2021-05-28,0.7745499881744384,5,-2625.0,-105,30,LOSE,29.900000000000002,exit,False
335,336,CBOT Wheat,2021-04-28,W,grain,1,776.25,2,13440.0,560,721.0,659.0,-0.0,0,0.0,2021-05-20,721.0,2,-5304.0,-221,22,LOSE,11.96,exit,False
336,337,CME Australian Dollar AUD,2021-04-29,AD,currency,1,0.7818499834060669,5,13225.0,529,0.7745499881744384,0.769599974155426,-0.0,0,0.0,2021-05-28,0.7745499881744384,5,-3650.0,-146,29,LOSE,29.900000000000002,exit,False
337,338,CBOT Wheat,2021-04-29,W,grain,1,765.25,2,12384.0,516,721.0,659.0,-0.0,0,0.0,2021-05-20,721.0,2,-4248.0,-177,21,LOSE,11.96,exit,False
338,339,CME Australian Dollar AUD,2021-04-30,AD,currency,1,0.7793499759674072,5,11975.0,479,0.7745499881744384,0.769599974155426,-0.0,0,0.0,2021-05-28,0.7745499881744384,5,-2400.0,-96,28,LOSE,29.900000000000002,exit,False
339,340,CBOT Wheat,2021-04-30,W,grain,1,771.25,2,12960.0,540,721.0,659.0,-0.0,0,0.0,2021-05-20,721.0,2,-4824.0,-201,20,LOSE,11.96,exit,False
340,341,CME Australian Dollar AUD,2021-05-03,AD,currency,1,0.7748999822616577,7,13650.0,390,0.7745499881744384,0.769599974155426,-0.0,0,0.0,2021-05-28,0.7745499881744384,7,-245.0,-7,25,LOSE,41.86,exit,False
341,342,CBOT Wheat,2021-05-03,W,grain,1,784.5,1,7116.0,593,721.0,659.0,-0.0,0,0.0,2021-05-20,721.0,1,-3048.0,-254,17,LOSE,5.98,exit,False
342,343,CME Australian Dollar AUD,2021-05-04,AD,currency,1,0.7783499873161316,6,13770.0,459,0.7745499881744384,0.769599974155426,-0.0,0,0.0,2021-05-28,0.7745499881744384,6,-2280.0,-76,24,LOSE,35.88,exit,False
343,344,CBOT Wheat,2021-05-04,W,grain,1,766.25,2,12480.0,520,721.0,659.0,-0.0,0,0.0,2021-05-20,721.0,2,-4344.0,-181,16,LOSE,11.96,exit,False
344,345,CME Australian Dollar AUD,2021-05-05,AD,currency,1,0.7743499920845032,7,13265.0,379,0.7745499881744384,0.769599974155426,-0.0,0,-0.0,2021-05-28,0.7745499881744384,7,140.0,4,23,WIN,41.86,exit,False
345,346,CBOT Wheat,2021-05-05,W,grain,1,773.0,2,13128.0,547,721.0,659.0,-0.0,0,0.0,2021-05-20,721.0,2,-4992.0,-208,15,LOSE,11.96,exit,False
346,347,CME Australian Dollar AUD,2021-05-06,AD,currency,1,0.7778499851226807,6,13470.0,449,0.7745499881744384,0.769599974155426,-0.0,0,0.0,2021-05-28,0.7745499881744384,6,-1980.0,-66,22,LOSE,35.88,exit,False
347,348,CBOT Wheat,2021-05-06,W,grain,1,790.25,1,7392.0,616,721.0,659.0,-0.0,0,0.0,2021-05-20,721.0,1,-3324.0,-277,14,LOSE,5.98,exit,False
348,349,CME Australian Dollar AUD,2021-05-07,AD,currency,1,0.7823999781608582,4,10800.0,540,0.7745499881744384,0.769599974155426,-0.0,0,0.0,2021-05-28,0.7745499881744384,4,-3140.0,-157,21,LOSE,23.92,exit,False
349,350,CBOT Wheat,2021-05-07,W,grain,1,798.0,1,7764.0,647,721.0,659.0,-0.0,0,0.0,2021-05-20,721.0,1,-3696.0,-308,13,LOSE,5.98,exit,False
350,351,CME Australian Dollar AUD,2021-05-10,AD,currency,1,0.7879999921798706,3,9780.0,652,0.7745499881744384,0.769599974155426,-0.0,0,0.0,2021-05-28,0.7745499881744384,3,-4035.0,-269,18,LOSE,17.94,exit,False
351,352,CBOT Wheat,2021-05-10,W,grain,1,797.0,1,7716.0,643,721.0,659.0,-0.0,0,0.0,2021-05-20,721.0,1,-3648.0,-304,10,LOSE,5.98,exit,False
352,353,CME Australian Dollar AUD,2021-05-11,AD,currency,1,0.7857499832153321,4,12140.0,607,0.7745499881744384,0.769599974155426,-0.0,0,0.0,2021-05-28,0.7745499881744384,4,-4480.0,-224,17,LOSE,23.92,exit,False
353,354,CBOT Wheat,2021-05-11,W,grain,1,774.25,1,6624.0,552,721.0,659.0,-0.0,0,0.0,2021-05-20,721.0,1,-2556.0,-213,9,LOSE,5.98,exit,False
354,355,CBOT Wheat,2021-05-12,W,grain,1,787.75,1,6888.0,574,721.0,659.0,-0.0,0,0.0,2021-05-20,721.0,1,-3204.0,-267,8,LOSE,5.98,exit,False
355,356,CBOT Wheat,2021-05-13,W,grain,1,774.75,2,11976.0,499,721.0,659.0,-0.0,0,0.0,2021-05-20,721.0,2,-5160.0,-215,7,LOSE,11.96,exit,False
356,357,CBOT Wheat,2021-05-14,W,grain,1,752.0,3,14688.0,408,721.0,659.0,-0.0,0,0.0,2021-05-20,721.0,3,-4464.0,-124,6,LOSE,17.94,exit,False
357,358,CBOT Wheat,2021-05-17,W,grain,1,746.25,3,13464.0,374,721.0,659.0,-0.0,0,0.0,2021-05-20,721.0,3,-3636.0,-101,3,LOSE,17.94,exit,False
358,359,CBOT Wheat,2021-05-18,W,grain,1,747.75,3,13680.0,380,721.0,659.0,-0.0,0,0.0,2021-05-20,721.0,3,-3852.0,-107,2,LOSE,17.94,exit,False
359,360,CBOT Wheat,2021-05-19,W,grain,1,739.5,3,11592.0,322,721.0,659.0,-0.0,0,0.0,2021-05-20,721.0,3,-2664.0,-74,1,LOSE,17.94,exit,False
360,361,CME Australian Dollar AUD,2021-06-03,AD,currency,1,0.7771999752998352,13,13845.0,213,0.7665499448776245,0.7665499448776245,0.0,0,0.0,2021-06-03,0.7665499448776245,13,-13845.0,-213,0,LOSE,77.74000000000001,stop,False
361,362,CBOT Wheat,2021-07-19,W,grain,1,739.0,3,13680.0,380,732.25,700.0,-0.0,0,0.0,2021-09-02,732.25,3,-972.0,-27,45,LOSE,17.94,exit,False
362,363,CBOT Wheat,2021-07-20,W,grain,1,738.0,3,13536.0,376,732.25,700.0,-0.0,0,0.0,2021-09-02,732.25,3,-828.0,-23,44,LOSE,17.94,exit,False
363,364,CBOT Wheat,2021-07-21,W,grain,1,738.25,3,13572.0,377,732.25,700.0,-0.0,0,0.0,2021-09-02,732.25,3,-864.0,-24,43,LOSE,17.94,exit,False
364,365,CBOT Wheat,2021-07-22,W,grain,1,743.0,2,9504.0,396,732.25,700.0,-0.0,0,0.0,2021-09-02,732.25,2,-1032.0,-43,42,LOSE,11.96,exit,False
365,366,CBOT Wheat,2021-07-23,W,grain,1,724.75,3,11628.0,323,732.25,700.0,-0.0,0,-0.0,2021-09-02,732.25,3,1080.0,30,41,WIN,17.94,exit,False
366,367,CBOT Wheat,2021-07-26,W,grain,1,718.5,3,10728.0,298,732.25,700.0,-0.0,0,-0.0,2021-09-02,732.25,3,1980.0,55,38,WIN,17.94,exit,False
367,368,CBOT Wheat,2021-07-27,W,grain,1,717.25,3,10548.0,293,732.25,700.0,-0.0,0,-0.0,2021-09-02,732.25,3,2160.0,60,37,WIN,17.94,exit,False
368,369,CBOT Wheat,2021-07-28,W,grain,1,714.75,4,13584.0,283,732.25,700.0,-0.0,0,-0.0,2021-09-02,732.25,4,3360.0,70,36,WIN,23.92,exit,False
369,370,CBOT Wheat,2021-07-29,W,grain,1,728.5,3,12168.0,338,732.25,700.0,-0.0,0,-0.0,2021-09-02,732.25,3,540.0,15,35,WIN,17.94,exit,False
370,371,CBOT Wheat,2021-07-30,W,grain,1,741.0,2,9312.0,388,732.25,700.0,-0.0,0,0.0,2021-09-02,732.25,2,-840.0,-35,34,LOSE,11.96,exit,False
371,372,CBOT Wheat,2021-08-02,W,grain,1,745.5,2,9744.0,406,732.25,700.0,-0.0,0,0.0,2021-09-02,732.25,2,-1272.0,-53,31,LOSE,11.96,exit,False
372,373,CBOT Wheat,2021-08-03,W,grain,1,763.75,2,11496.0,479,732.25,700.0,-0.0,0,0.0,2021-09-02,732.25,2,-3024.0,-126,30,LOSE,11.96,exit,False
373,374,CBOT Wheat,2021-08-04,W,grain,1,762.25,2,11352.0,473,732.25,700.0,-0.0,0,0.0,2021-09-02,732.25,2,-2880.0,-120,29,LOSE,11.96,exit,False
374,375,CBOT Wheat,2021-08-05,W,grain,1,752.0,2,10368.0,432,732.25,700.0,-0.0,0,0.0,2021-09-02,732.25,2,-1896.0,-79,28,LOSE,11.96,exit,False
375,376,CBOT Wheat,2021-08-06,W,grain,1,750.25,2,10200.0,425,732.25,700.0,-0.0,0,0.0,2021-09-02,732.25,2,-1728.0,-72,27,LOSE,11.96,exit,False
376,377,CBOT Wheat,2021-08-09,W,grain,1,754.25,2,10584.0,441,732.25,700.0,-0.0,0,0.0,2021-09-02,732.25,2,-2112.0,-88,24,LOSE,11.96,exit,False
377,378,CBOT Wheat,2021-08-10,W,grain,1,749.5,2,10128.0,422,732.25,700.0,-0.0,0,0.0,2021-09-02,732.25,2,-1656.0,-69,23,LOSE,11.96,exit,False
378,379,CBOT Wheat,2021-08-11,W,grain,1,761.0,2,11232.0,468,732.25,700.0,-0.0,0,0.0,2021-09-02,732.25,2,-2760.0,-115,22,LOSE,11.96,exit,False
379,380,CBOT Wheat,2021-08-12,W,grain,1,765.25,2,11640.0,485,732.25,700.0,-0.0,0,0.0,2021-09-02,732.25,2,-3168.0,-132,21,LOSE,11.96,exit,False
380,381,CBOT Wheat,2021-08-13,W,grain,1,789.75,1,6996.0,583,732.25,700.0,-0.0,0,0.0,2021-09-02,732.25,1,-2760.0,-230,20,LOSE,5.98,exit,False
381,382,CBOT Wheat,2021-08-16,W,grain,1,797.25,1,7356.0,613,732.25,700.0,-0.0,0,0.0,2021-09-02,732.25,1,-3120.0,-260,17,LOSE,5.98,exit,False
382,383,CBOT Wheat,2021-08-17,W,grain,1,797.5,1,7368.0,614,732.25,700.0,-0.0,0,0.0,2021-09-02,732.25,1,-3132.0,-261,16,LOSE,5.98,exit,False
383,384,CBOT Wheat,2021-08-18,W,grain,1,769.5,2,12048.0,502,732.25,700.0,-0.0,0,0.0,2021-09-02,732.25,2,-3576.0,-149,15,LOSE,11.96,exit,False
384,385,CBOT Wheat,2021-08-19,W,grain,1,771.25,2,12216.0,509,732.25,700.0,-0.0,0,0.0,2021-09-02,732.25,2,-3744.0,-156,14,LOSE,11.96,exit,False
385,386,CBOT Wheat,2021-08-20,W,grain,1,764.0,2,11448.0,477,732.25,700.0,-0.0,0,0.0,2021-09-02,732.25,2,-3048.0,-127,13,LOSE,11.96,exit,False
386,387,CBOT Wheat,2021-08-23,W,grain,1,751.25,3,12420.0,345,732.25,700.0,-0.0,0,0.0,2021-09-02,732.25,3,-2736.0,-76,10,LOSE,17.94,exit,False
387,388,CBOT Wheat,2021-08-24,W,grain,1,757.25,3,12996.0,361,732.25,700.0,-0.0,0,0.0,2021-09-02,732.25,3,-3600.0,-100,9,LOSE,17.94,exit,False
388,389,CBOT Wheat,2021-08-25,W,grain,1,753.0,4,12912.0,269,732.25,700.0,-0.0,0,0.0,2021-09-02,732.25,4,-3984.0,-83,8,LOSE,23.92,exit,False
389,390,CBOT Wheat,2021-08-26,W,grain,1,751.0,5,12240.0,204,732.25,700.0,-0.0,0,0.0,2021-09-02,732.25,5,-4500.0,-75,7,LOSE,29.900000000000002,exit,False
390,391,CBOT Wheat,2021-08-27,W,grain,1,761.75,4,11856.0,247,732.25,700.0,-0.0,0,0.0,2021-09-02,732.25,4,-5664.0,-118,6,LOSE,23.92,exit,False
391,392,CBOT Wheat,2021-08-30,W,grain,1,757.25,4,10992.0,229,732.25,700.0,-0.0,0,0.0,2021-09-02,732.25,4,-4800.0,-100,3,LOSE,23.92,exit,False
392,393,CBOT Wheat,2021-08-31,W,grain,1,743.75,6,12600.0,175,732.25,700.0,-0.0,0,0.0,2021-09-02,732.25,6,-3312.0,-46,2,LOSE,35.88,exit,False
393,394,CBOT Wheat,2021-09-01,W,grain,1,745.25,6,13032.0,181,732.25,700.0,-0.0,0,0.0,2021-09-02,732.25,6,-3744.0,-52,1,LOSE,35.88,exit,False
394,395,CME Australian Dollar AUD,2021-09-03,AD,currency,1,0.7437500102043152,4,12560.0,628,0.7334500060081482,0.7123500108718872,-0.0,0,0.0,2021-09-16,0.7334500060081482,4,-4120.0,-206,13,LOSE,23.92,exit,False
395,396,CME Australian Dollar AUD,2021-09-07,AD,currency,1,0.7473499707221984,3,10500.0,700,0.7334500060081482,0.7123500108718872,-0.0,0,0.0,2021-09-16,0.7334500060081482,3,-4170.0,-278,9,LOSE,17.94,exit,False
396,397,CME Australian Dollar AUD,2021-09-08,AD,currency,1,0.7409999898910522,4,11460.0,573,0.7334500060081482,0.7123500108718872,-0.0,0,0.0,2021-09-16,0.7334500060081482,4,-3020.0,-151,8,LOSE,23.92,exit,False
397,398,CME Australian Dollar AUD,2021-09-09,AD,currency,1,0.7391499990463257,4,10720.0,536,0.7334500060081482,0.7123500108718872,-0.0,0,0.0,2021-09-16,0.7334500060081482,4,-2280.0,-114,7,LOSE,23.92,exit,False
398,399,CME Australian Dollar AUD,2021-09-10,AD,currency,1,0.7397999975204468,4,10980.0,549,0.7334500060081482,0.7123500108718872,-0.0,0,0.0,2021-09-16,0.7334500060081482,4,-2540.0,-127,6,LOSE,23.92,exit,False
399,400,CME Australian Dollar AUD,2021-09-13,AD,currency,1,0.7385000051498413,5,13075.0,523,0.7334500060081482,0.7123500108718872,-0.0,0,0.0,2021-09-16,0.7334500060081482,5,-2525.0,-101,3,LOSE,29.900000000000002,exit,False
400,401,CME Australian Dollar AUD,2021-09-14,AD,currency,1,0.7387499643325806,4,10560.0,528,0.7334500060081482,0.7123500108718872,-0.0,0,0.0,2021-09-16,0.7334500060081482,4,-2120.0,-106,2,LOSE,23.92,exit,False
401,402,CME Australian Dollar AUD,2021-09-15,AD,currency,1,0.7343000105857849,6,13170.0,439,0.7334500060081482,0.7123500108718872,-0.0,0,0.0,2021-09-16,0.7334500060081482,6,-510.0,-17,1,LOSE,35.88,exit,False
402,403,CBOT Wheat,2021-09-28,W,grain,1,743.5,5,11100.0,185,729.25,697.25,-0.0,0,0.0,2021-09-29,729.25,5,-3420.0,-57,1,LOSE,29.900000000000002,exit,False
403,404,CBOT Wheat,2021-10-01,W,grain,1,753.75,4,10848.0,226,798.0,771.75,-0.0,0,-0.0,2021-12-09,798.0,4,8496.0,177,69,WIN,23.92,exit,False
404,405,CBOT Wheat,2021-10-04,W,grain,1,775.25,3,11232.0,312,798.0,771.75,-0.0,0,-0.0,2021-12-09,798.0,3,3276.0,91,66,WIN,17.94,exit,False
405,406,CBOT Wheat,2021-10-05,W,grain,1,776.75,3,11448.0,318,798.0,771.75,-0.0,0,-0.0,2021-12-09,798.0,3,3060.0,85,65,WIN,17.94,exit,False
406,407,CBOT Wheat,2021-10-06,W,grain,1,768.0,3,10188.0,283,798.0,771.75,-0.0,0,-0.0,2021-12-09,798.0,3,4320.0,120,64,WIN,17.94,exit,False
407,408,CBOT Wheat,2021-10-07,W,grain,1,767.75,3,10152.0,282,798.0,771.75,-0.0,0,-0.0,2021-12-09,798.0,3,4356.0,121,63,WIN,17.94,exit,False
408,409,CBOT Wheat,2021-10-08,W,grain,1,761.25,4,12288.0,256,798.0,771.75,-0.0,0,-0.0,2021-12-09,798.0,4,7056.0,147,62,WIN,23.92,exit,False
409,410,CBOT Wheat,2021-10-11,W,grain,1,755.75,4,11232.0,234,798.0,771.75,-0.0,0,-0.0,2021-12-09,798.0,4,8112.0,169,59,WIN,23.92,exit,False
410,411,CME Australian Dollar AUD,2021-10-12,AD,currency,1,0.7372999999046326,6,11190.0,373,0.7378499959945679,0.7186499834060669,-0.0,0,-0.0,2021-11-10,0.7378499959945679,6,330.0,11,29,WIN,35.88,exit,False
411,412,CBOT Wheat,2021-10-12,W,grain,1,755.0,4,11088.0,231,798.0,771.75,-0.0,0,-0.0,2021-12-09,798.0,4,8256.0,172,58,WIN,23.92,exit,False
412,413,CME Australian Dollar AUD,2021-10-13,AD,currency,1,0.7375500149726868,6,11340.0,378,0.7378499959945679,0.7186499834060669,-0.0,0,-0.0,2021-11-10,0.7378499959945679,6,180.0,6,28,WIN,35.88,exit,False
413,414,CBOT Wheat,2021-10-13,W,grain,1,756.75,4,11424.0,238,798.0,771.75,-0.0,0,-0.0,2021-12-09,798.0,4,7920.0,165,57,WIN,23.92,exit,False
414,415,CME Australian Dollar AUD,2021-10-14,AD,currency,1,0.740800011062622,5,11075.0,443,0.7378499959945679,0.7186499834060669,-0.0,0,0.0,2021-11-10,0.7378499959945679,5,-1475.0,-59,27,LOSE,29.900000000000002,exit,False
415,416,CBOT Wheat,2021-10-14,W,grain,1,741.75,6,12816.0,178,798.0,771.75,-0.0,0,-0.0,2021-12-09,798.0,6,16200.0,225,56,WIN,35.88,exit,False
416,417,CME Australian Dollar AUD,2021-10-15,AD,currency,1,0.743749995803833,5,12550.0,502,0.7378499959945679,0.7186499834060669,-0.0,0,0.0,2021-11-10,0.7378499959945679,5,-2950.0,-118,26,LOSE,29.900000000000002,exit,False
417,418,CBOT Wheat,2021-10-15,W,grain,1,749.25,5,12480.0,208,798.0,771.75,-0.0,0,-0.0,2021-12-09,798.0,5,11700.0,195,55,WIN,29.900000000000002,exit,False
418,419,CME Australian Dollar AUD,2021-10-18,AD,currency,1,0.7439499859809875,5,12650.0,506,0.7378499959945679,0.7186499834060669,-0.0,0,0.0,2021-11-10,0.7378499959945679,5,-3050.0,-122,23,LOSE,29.900000000000002,exit,False
419,420,CBOT Wheat,2021-10-18,W,grain,1,755.5,4,11184.0,233,798.0,771.75,-0.0,0,-0.0,2021-12-09,798.0,4,8160.0,170,52,WIN,23.92,exit,False
420,421,CME Australian Dollar AUD,2021-10-19,AD,currency,1,0.7445499807357788,4,10360.0,518,0.7378499959945679,0.7186499834060669,-0.0,0,0.0,2021-11-10,0.7378499959945679,4,-2680.0,-134,22,LOSE,23.92,exit,False
421,422,CBOT Wheat,2021-10-19,W,grain,1,758.5,4,11760.0,245,798.0,771.75,-0.0,0,-0.0,2021-12-09,798.0,4,7584.0,158,51,WIN,23.92,exit,False
422,423,CME Australian Dollar AUD,2021-10-20,AD,currency,1,0.7501499962806701,3,9450.0,630,0.7378499959945679,0.7186499834060669,-0.0,0,0.0,2021-11-10,0.7378499959945679,3,-3690.0,-246,21,LOSE,17.94,exit,False
423,424,CBOT Wheat,2021-10-20,W,grain,1,760.5,4,12144.0,253,798.0,771.75,-0.0,0,-0.0,2021-12-09,798.0,4,7200.0,150,50,WIN,23.92,exit,False
424,425,CME Australian Dollar AUD,2021-10-21,AD,currency,1,0.7538999862670899,3,10575.0,705,0.7378499959945679,0.7186499834060669,-0.0,0,0.0,2021-11-10,0.7378499959945679,3,-4815.0,-321,20,LOSE,17.94,exit,False
425,426,CBOT Wheat,2021-10-21,W,grain,1,770.75,3,10584.0,294,798.0,771.75,-0.0,0,-0.0,2021-12-09,798.0,3,3924.0,109,49,WIN,17.94,exit,False
426,427,CME Australian Dollar AUD,2021-10-22,AD,currency,1,0.7494000159263611,4,12300.0,615,0.7378499959945679,0.7186499834060669,-0.0,0,0.0,2021-11-10,0.7378499959945679,4,-4620.0,-231,19,LOSE,23.92,exit,False
427,428,CBOT Wheat,2021-10-22,W,grain,1,768.0,3,9900.0,275,798.0,771.75,-0.0,0,-0.0,2021-12-09,798.0,3,4320.0,120,48,WIN,17.94,exit,False
428,429,CME Australian Dollar AUD,2021-10-25,AD,currency,1,0.7491499910354614,3,9150.0,610,0.7378499959945679,0.7186499834060669,-0.0,0,0.0,2021-11-10,0.7378499959945679,3,-3390.0,-226,16,LOSE,17.94,exit,False
429,430,CBOT Wheat,2021-10-25,W,grain,1,781.75,3,10980.0,305,798.0,771.75,-0.0,0,-0.0,2021-12-09,798.0,3,2340.0,65,45,WIN,17.94,exit,False
430,431,CME Australian Dollar AUD,2021-10-26,AD,currency,1,0.7514999886512757,3,9855.0,657,0.7378499959945679,0.7186499834060669,-0.0,0,0.0,2021-11-10,0.7378499959945679,3,-4095.0,-273,15,LOSE,17.94,exit,False
431,432,CBOT Wheat,2021-10-26,W,grain,1,783.75,3,11160.0,310,798.0,771.75,-0.0,0,-0.0,2021-12-09,798.0,3,2052.0,57,44,WIN,17.94,exit,False
432,433,CME Australian Dollar AUD,2021-10-27,AD,currency,1,0.7525999923706055,3,10185.0,679,0.7378499959945679,0.7186499834060669,-0.0,0,0.0,2021-11-10,0.7378499959945679,3,-4425.0,-295,14,LOSE,17.94,exit,False
433,434,CBOT Wheat,2021-10-27,W,grain,1,773.75,3,9720.0,270,798.0,771.75,-0.0,0,-0.0,2021-12-09,798.0,3,3492.0,97,43,WIN,17.94,exit,False
434,435,CME Australian Dollar AUD,2021-10-28,AD,currency,1,0.7543000194549561,3,10695.0,713,0.7378499959945679,0.7186499834060669,-0.0,0,0.0,2021-11-10,0.7378499959945679,3,-4935.0,-329,13,LOSE,17.94,exit,False
435,436,CBOT Wheat,2021-10-28,W,grain,1,785.25,3,11376.0,316,798.0,771.75,-0.0,0,-0.0,2021-12-09,798.0,3,1836.0,51,42,WIN,17.94,exit,False
436,437,CME Australian Dollar AUD,2021-10-29,AD,currency,1,0.7562999823570251,2,7530.0,753,0.7378499959945679,0.7186499834060669,-0.0,0,0.0,2021-11-10,0.7378499959945679,2,-3690.0,-369,12,LOSE,11.96,exit,False
437,438,CBOT Wheat,2021-10-29,W,grain,1,795.25,2,8544.0,356,798.0,771.75,-0.0,0,-0.0,2021-12-09,798.0,2,264.0,11,41,WIN,11.96,exit,False
438,439,CME Australian Dollar AUD,2021-11-01,AD,currency,1,0.7537500028610229,3,10530.0,702,0.7378499959945679,0.7186499834060669,-0.0,0,0.0,2021-11-10,0.7378499959945679,3,-4770.0,-318,9,LOSE,17.94,exit,False
439,440,CBOT Wheat,2021-11-01,W,grain,1,801.25,2,9120.0,380,798.0,771.75,-0.0,0,0.0,2021-12-09,798.0,2,-312.0,-13,38,LOSE,11.96,exit,False
440,441,CME Australian Dollar AUD,2021-11-02,AD,currency,1,0.7538499847412109,2,7040.0,704,0.7378499959945679,0.7186499834060669,-0.0,0,0.0,2021-11-10,0.7378499959945679,2,-3200.0,-320,8,LOSE,11.96,exit,False
441,442,CBOT Wheat,2021-11-02,W,grain,1,820.75,1,5400.0,450,798.0,771.75,-0.0,0,0.0,2021-12-09,798.0,1,-1092.0,-91,37,LOSE,5.98,exit,False
442,443,CME Australian Dollar AUD,2021-11-03,AD,currency,1,0.7453500062942505,4,10680.0,534,0.7378499959945679,0.7186499834060669,-0.0,0,0.0,2021-11-10,0.7378499959945679,4,-3000.0,-150,7,LOSE,23.92,exit,False
443,444,CBOT Wheat,2021-11-03,W,grain,1,812.25,2,8712.0,363,798.0,771.75,-0.0,0,0.0,2021-12-09,798.0,2,-1368.0,-57,36,LOSE,11.96,exit,False
444,445,CME Australian Dollar AUD,2021-11-04,AD,currency,1,0.7470500235557556,4,11360.0,568,0.7378499959945679,0.7186499834060669,-0.0,0,0.0,2021-11-10,0.7378499959945679,4,-3680.0,-184,6,LOSE,23.92,exit,False
445,446,CBOT Wheat,2021-11-04,W,grain,1,805.25,2,8040.0,335,798.0,771.75,-0.0,0,0.0,2021-12-09,798.0,2,-696.0,-29,35,LOSE,11.96,exit,False
446,447,CME Australian Dollar AUD,2021-11-05,AD,currency,1,0.7420000102043152,5,11675.0,467,0.7378499959945679,0.7186499834060669,-0.0,0,0.0,2021-11-10,0.7378499959945679,5,-2075.0,-83,5,LOSE,29.900000000000002,exit,False
447,448,CBOT Wheat,2021-11-05,W,grain,1,796.75,3,10836.0,301,798.0,771.75,-0.0,0,-0.0,2021-12-09,798.0,3,180.0,5,34,WIN,17.94,exit,False
448,449,CME Australian Dollar AUD,2021-11-08,AD,currency,1,0.7420499702453613,5,11700.0,468,0.7378499959945679,0.7186499834060669,-0.0,0,0.0,2021-11-10,0.7378499959945679,5,-2100.0,-84,2,LOSE,29.900000000000002,exit,False
449,450,CBOT Wheat,2021-11-08,W,grain,1,789.75,3,9828.0,273,798.0,771.75,-0.0,0,-0.0,2021-12-09,798.0,3,1188.0,33,31,WIN,17.94,exit,False
450,451,CME Australian Dollar AUD,2021-11-09,AD,currency,1,0.7439999761581421,4,10140.0,507,0.7378499959945679,0.7186499834060669,-0.0,0,0.0,2021-11-10,0.7378499959945679,4,-2460.0,-123,1,LOSE,23.92,exit,False
451,452,CBOT Wheat,2021-11-09,W,grain,1,793.0,3,10296.0,286,798.0,771.75,-0.0,0,-0.0,2021-12-09,798.0,3,720.0,20,30,WIN,17.94,exit,False
452,453,CBOT Wheat,2021-11-10,W,grain,1,809.25,2,8424.0,351,798.0,771.75,-0.0,0,0.0,2021-12-09,798.0,2,-1080.0,-45,29,LOSE,11.96,exit,False
453,454,CBOT Wheat,2021-11-11,W,grain,1,828.75,2,9192.0,383,798.0,771.75,-0.0,0,0.0,2021-12-09,798.0,2,-2952.0,-123,28,LOSE,11.96,exit,False
454,455,CBOT Wheat,2021-11-12,W,grain,1,836.75,1,4980.0,415,798.0,771.75,-0.0,0,0.0,2021-12-09,798.0,1,-1860.0,-155,27,LOSE,5.98,exit,False
455,456,CBOT Wheat,2021-11-15,W,grain,1,841.0,1,5184.0,432,798.0,771.75,-0.0,0,0.0,2021-12-09,798.0,1,-2064.0,-172,24,LOSE,5.98,exit,False
456,457,CBOT Wheat,2021-11-16,W,grain,1,846.25,1,5436.0,453,798.0,771.75,-0.0,0,0.0,2021-12-09,798.0,1,-2316.0,-193,23,LOSE,5.98,exit,False
457,458,CBOT Wheat,2021-11-17,W,grain,1,835.75,1,4932.0,411,798.0,771.75,-0.0,0,0.0,2021-12-09,798.0,1,-1812.0,-151,22,LOSE,5.98,exit,False
458,459,CBOT Wheat,2021-11-18,W,grain,1,848.5,1,5544.0,462,798.0,771.75,-0.0,0,0.0,2021-12-09,798.0,1,-2424.0,-202,21,LOSE,5.98,exit,False
459,460,CBOT Wheat,2021-12-27,W,grain,1,827.5,4,13056.0,272,791.0,759.5,-0.0,0,0.0,2021-12-29,791.0,4,-7008.0,-146,2,LOSE,23.92,exit,False
460,461,CME Australian Dollar AUD,2021-12-28,AD,currency,1,0.7255499989509583,5,12425.0,497,0.7163999812126159,0.7006999850273132,-0.0,0,0.0,2022-01-07,0.7163999812126159,5,-4575.0,-183,10,LOSE,29.900000000000002,exit,False
461,462,CBOT Wheat,2021-12-28,W,grain,1,814.75,4,10608.0,221,791.0,759.5,-0.0,0,0.0,2021-12-29,791.0,4,-4560.0,-95,1,LOSE,23.92,exit,False
462,463,CME Australian Dollar AUD,2021-12-29,AD,currency,1,0.7247499620437622,5,12025.0,481,0.7163999812126159,0.7006999850273132,-0.0,0,0.0,2022-01-07,0.7163999812126159,5,-4175.0,-167,9,LOSE,29.900000000000002,exit,False
463,464,CME Australian Dollar AUD,2021-12-30,AD,currency,1,0.726749967956543,5,13025.0,521,0.7163999812126159,0.7006999850273132,-0.0,0,0.0,2022-01-07,0.7163999812126159,5,-5175.0,-207,8,LOSE,29.900000000000002,exit,False
464,465,CME Australian Dollar AUD,2021-12-31,AD,currency,1,0.726599986076355,5,12950.0,518,0.7163999812126159,0.7006999850273132,-0.0,0,0.0,2022-01-07,0.7163999812126159,5,-5100.0,-204,7,LOSE,29.900000000000002,exit,False
465,466,CME Australian Dollar AUD,2022-01-03,AD,currency,1,0.7281999852180481,4,11000.0,550,0.7163999812126159,0.7006999850273132,-0.0,0,0.0,2022-01-07,0.7163999812126159,4,-4720.0,-236,4,LOSE,23.92,exit,False
466,467,CME Australian Dollar AUD,2022-01-04,AD,currency,1,0.7213499954223633,6,12390.0,413,0.7163999812126159,0.7006999850273132,-0.0,0,0.0,2022-01-07,0.7163999812126159,6,-2970.0,-99,3,LOSE,35.88,exit,False
467,468,CME Australian Dollar AUD,2022-01-05,AD,currency,1,0.7258000155448914,5,12550.0,502,0.7163999812126159,0.7006999850273132,-0.0,0,0.0,2022-01-07,0.7163999812126159,5,-4700.0,-188,2,LOSE,29.900000000000002,exit,False
468,469,CME Australian Dollar AUD,2022-01-06,AD,currency,1,0.7233499801635742,5,11325.0,453,0.7163999812126159,0.7006999850273132,-0.0,0,0.0,2022-01-07,0.7163999812126159,5,-3475.0,-139,1,LOSE,29.900000000000002,exit,False
469,470,CME Australian Dollar AUD,2022-01-13,AD,currency,1,0.7302499957084656,4,11820.0,591,0.7193999622344971,0.7093999981880188,-0.0,0,0.0,2022-01-19,0.7193999622344971,4,-4340.0,-217,6,LOSE,23.92,exit,False
470,471,CME Australian Dollar AUD,2022-01-14,AD,currency,1,0.729500005531311,4,11200.0,560,0.7193999622344971,0.7093999981880188,-0.0,0,0.0,2022-01-19,0.7193999622344971,4,-4040.0,-202,5,LOSE,23.92,exit,False
471,472,CME Australian Dollar AUD,2022-01-18,AD,currency,1,0.7229999915122985,9,12240.0,272,0.7193999622344971,0.7093999981880188,-0.0,0,0.0,2022-01-19,0.7193999622344971,9,-3240.0,-72,1,LOSE,53.82000000000001,exit,False
472,473,CME Australian Dollar AUD,2022-01-20,AD,currency,1,0.7238499764442444,8,11560.0,289,0.7164499668121338,0.7093999981880188,-0.0,0,0.0,2022-01-24,0.7164499668121338,8,-5920.0,-148,4,LOSE,47.84,exit,False
473,474,CME Australian Dollar AUD,2022-01-21,AD,currency,1,0.7236999786376953,8,11440.0,286,0.7164499668121338,0.7093999981880188,-0.0,0,0.0,2022-01-24,0.7164499668121338,8,-5800.0,-145,3,LOSE,47.84,exit,False
474,475,CBOT Wheat,2022-01-21,W,grain,1,797.25,4,10224.0,213,770.5,744.0,-0.0,0,0.0,2022-02-01,770.5,4,-5136.0,-107,11,LOSE,23.92,exit,False
475,476,CBOT Wheat,2022-01-24,W,grain,1,804.5,4,11616.0,242,770.5,744.0,-0.0,0,0.0,2022-02-01,770.5,4,-6528.0,-136,8,LOSE,23.92,exit,False
476,477,CBOT Wheat,2022-01-25,W,grain,1,817.0,3,10512.0,292,770.5,744.0,-0.0,0,0.0,2022-02-01,770.5,3,-6696.0,-186,7,LOSE,17.94,exit,False
477,478,CBOT Wheat,2022-01-26,W,grain,1,825.75,3,11772.0,327,770.5,744.0,-0.0,0,0.0,2022-02-01,770.5,3,-7956.0,-221,6,LOSE,17.94,exit,False
478,479,CBOT Wheat,2022-01-27,W,grain,1,803.0,4,11328.0,236,770.5,744.0,-0.0,0,0.0,2022-02-01,770.5,4,-6240.0,-130,5,LOSE,23.92,exit,False
479,480,CBOT Wheat,2022-01-28,W,grain,1,789.75,5,10980.0,183,770.5,744.0,-0.0,0,0.0,2022-02-01,770.5,5,-4620.0,-77,4,LOSE,29.900000000000002,exit,False
480,481,CBOT Wheat,2022-01-31,W,grain,1,803.0,4,11328.0,236,770.5,744.0,-0.0,0,0.0,2022-02-01,770.5,4,-6240.0,-130,1,LOSE,23.92,exit,False
481,482,CBOT Wheat,2022-02-14,W,grain,1,814.5,3,10152.0,282,990.75,799.5,-0.0,0,-0.0,2022-04-04,990.75,3,25380.0,705,49,WIN,17.94,exit,False
482,483,CBOT Wheat,2022-02-15,W,grain,1,810.5,3,9576.0,266,990.75,799.5,-0.0,0,-0.0,2022-04-04,990.75,3,25956.0,721,48,WIN,17.94,exit,False
483,484,CBOT Wheat,2022-02-16,W,grain,1,789.5,5,10920.0,182,990.75,799.5,-0.0,0,-0.0,2022-04-04,990.75,5,48300.0,805,47,WIN,29.900000000000002,exit,False
484,485,CME Australian Dollar AUD,2022-02-17,AD,currency,1,0.7211999576568604,5,11700.0,468,0.7356000195503235,0.7174000144004822,-0.0,0,-0.0,2022-04-19,0.7356000195503235,5,7200.0,288,61,WIN,29.900000000000002,exit,False
485,486,CBOT Wheat,2022-02-17,W,grain,1,793.5,5,11880.0,198,990.75,799.5,-0.0,0,-0.0,2022-04-04,990.75,5,47340.0,789,46,WIN,29.900000000000002,exit,False
486,487,CME Australian Dollar AUD,2022-02-18,AD,currency,1,0.7206499622344971,5,11425.0,457,0.7356000195503235,0.7174000144004822,-0.0,0,-0.0,2022-04-19,0.7356000195503235,5,7475.0,299,60,WIN,29.900000000000002,exit,False
487,488,CBOT Wheat,2022-02-18,W,grain,1,810.25,3,9324.0,259,990.75,799.5,-0.0,0,-0.0,2022-04-04,990.75,3,25992.0,722,45,WIN,17.94,exit,False
488,489,CME Australian Dollar AUD,2022-02-21,AD,currency,1,0.7206499622344971,5,11425.0,457,0.7356000195503235,0.7174000144004822,-0.0,0,-0.0,2022-04-19,0.7356000195503235,5,7475.0,299,57,WIN,29.900000000000002,exit,False
489,490,CBOT Wheat,2022-02-21,W,grain,1,810.25,3,9324.0,259,990.75,799.5,-0.0,0,-0.0,2022-04-04,990.75,3,25992.0,722,42,WIN,17.94,exit,False
490,491,CME Australian Dollar AUD,2022-02-22,AD,currency,1,0.7198999932289124,5,11050.0,442,0.7356000195503235,0.7174000144004822,-0.0,0,-0.0,2022-04-19,0.7356000195503235,5,7850.0,314,56,WIN,29.900000000000002,exit,False
491,492,CBOT Wheat,2022-02-22,W,grain,1,833.75,2,8472.0,353,990.75,799.5,-0.0,0,-0.0,2022-04-04,990.75,2,15072.0,628,41,WIN,11.96,exit,False
492,493,CME Australian Dollar AUD,2022-02-23,AD,currency,1,0.7245999816894532,4,10720.0,536,0.7356000195503235,0.7174000144004822,-0.0,0,-0.0,2022-04-19,0.7356000195503235,4,4400.0,220,55,WIN,23.92,exit,False
493,494,CBOT Wheat,2022-02-23,W,grain,1,861.5,2,11136.0,464,990.75,799.5,-0.0,0,-0.0,2022-04-04,990.75,2,12408.0,517,40,WIN,11.96,exit,False
494,495,CME Australian Dollar AUD,2022-02-24,AD,currency,1,0.7240499688148498,4,10500.0,525,0.7356000195503235,0.7174000144004822,-0.0,0,-0.0,2022-04-19,0.7356000195503235,4,4620.0,231,54,WIN,23.92,exit,False
495,496,CBOT Wheat,2022-02-24,W,grain,1,904.75,1,7644.0,637,990.75,799.5,-0.0,0,-0.0,2022-04-04,990.75,1,4128.0,344,39,WIN,5.98,exit,False
496,497,CME Australian Dollar AUD,2022-02-25,AD,currency,1,0.7192000061035156,4,8560.0,428,0.7356000195503235,0.7174000144004822,-0.0,0,-0.0,2022-04-19,0.7356000195503235,4,6560.0,328,53,WIN,23.92,exit,False
497,498,CBOT Wheat,2022-02-25,W,grain,1,940.25,1,9204.0,767,990.75,799.5,-0.0,0,-0.0,2022-04-04,990.75,1,2424.0,202,38,WIN,5.98,exit,False
498,499,CME Australian Dollar AUD,2022-02-28,AD,currency,1,0.7213999720573425,4,9440.0,472,0.7356000195503235,0.7174000144004822,-0.0,0,-0.0,2022-04-19,0.7356000195503235,4,5680.0,284,50,WIN,23.92,exit,False
499,500,CBOT Wheat,2022-02-28,W,grain,1,933.75,1,8892.0,741,990.75,799.5,-0.0,0,-0.0,2022-04-04,990.75,1,2736.0,228,35,WIN,5.98,exit,False
500,501,CME Australian Dollar AUD,2022-03-01,AD,currency,1,0.7278999716758728,3,9030.0,602,0.7356000195503235,0.7174000144004822,-0.0,0,-0.0,2022-04-19,0.7356000195503235,3,2310.0,154,49,WIN,17.94,exit,False
501,502,CBOT Wheat,2022-03-01,W,grain,1,949.5,1,9648.0,804,990.75,799.5,-0.0,0,-0.0,2022-04-04,990.75,1,1980.0,165,34,WIN,5.98,exit,False
502,503,CME Australian Dollar AUD,2022-03-02,AD,currency,1,0.727599984550476,3,8940.0,596,0.7356000195503235,0.7174000144004822,-0.0,0,-0.0,2022-04-19,0.7356000195503235,3,2400.0,160,48,WIN,17.94,exit,False
503,504,CME Australian Dollar AUD,2022-03-03,AD,currency,1,0.7318499828338623,2,6810.0,681,0.7356000195503235,0.7174000144004822,-0.0,0,-0.0,2022-04-19,0.7356000195503235,2,750.0,75,47,WIN,11.96,exit,False
504,505,CME Australian Dollar AUD,2022-03-04,AD,currency,1,0.7351499939918518,1,3735.0,747,0.7356000195503235,0.7174000144004822,-0.0,0,-0.0,2022-04-19,0.7356000195503235,1,45.0,9,46,WIN,5.98,exit,False
505,506,CME Australian Dollar AUD,2022-03-07,AD,currency,1,0.7400499741554261,1,4225.0,845,0.7356000195503235,0.7174000144004822,-0.0,0,0.0,2022-04-19,0.7356000195503235,1,-445.0,-89,43,LOSE,5.98,exit,False
506,507,CME Australian Dollar AUD,2022-03-08,AD,currency,1,0.7335499985694885,1,3575.0,715,0.7356000195503235,0.7174000144004822,-0.0,0,-0.0,2022-04-19,0.7356000195503235,1,205.0,41,42,WIN,5.98,exit,False
507,508,CME Australian Dollar AUD,2022-03-09,AD,currency,1,0.729399986743927,1,3160.0,632,0.7356000195503235,0.7174000144004822,-0.0,0,-0.0,2022-04-19,0.7356000195503235,1,620.0,124,41,WIN,5.98,exit,False
508,509,CME Australian Dollar AUD,2022-03-10,AD,currency,1,0.7341999721527099,1,3640.0,728,0.7356000195503235,0.7174000144004822,-0.0,0,-0.0,2022-04-19,0.7356000195503235,1,140.0,28,40,WIN,5.98,exit,False
509,510,CME Australian Dollar AUD,2022-03-11,AD,currency,1,0.7368999817848205,2,7420.0,742,0.7356000195503235,0.7174000144004822,-0.0,0,0.0,2022-04-19,0.7356000195503235,2,-260.0,-26,39,LOSE,11.96,exit,False
510,511,CME Australian Dollar AUD,2022-03-14,AD,currency,1,0.7303499926567077,2,5180.0,518,0.7356000195503235,0.7174000144004822,-0.0,0,-0.0,2022-04-19,0.7356000195503235,2,1050.0,105,36,WIN,11.96,exit,False
511,512,CME Australian Dollar AUD,2022-03-15,AD,currency,1,0.7208500120162964,5,7300.0,292,0.7356000195503235,0.7174000144004822,-0.0,0,-0.0,2022-04-19,0.7356000195503235,5,7375.0,295,35,WIN,29.900000000000002,exit,False
512,513,CME Australian Dollar AUD,2022-03-16,AD,currency,1,0.7230499923706055,4,6720.0,336,0.7356000195503235,0.7174000144004822,-0.0,0,-0.0,2022-04-19,0.7356000195503235,4,5020.0,251,34,WIN,23.92,exit,False
513,514,CME Australian Dollar AUD,2022-03-17,AD,currency,1,0.7323499775886536,3,7830.0,522,0.7356000195503235,0.7174000144004822,-0.0,0,-0.0,2022-04-19,0.7356000195503235,3,975.0,65,33,WIN,17.94,exit,False
514,515,CME Australian Dollar AUD,2022-03-18,AD,currency,1,0.739449974155426,2,6360.0,636,0.7356000195503235,0.7174000144004822,-0.0,0,0.0,2022-04-19,0.7356000195503235,2,-770.0,-77,32,LOSE,11.96,exit,False
515,516,CME Australian Dollar AUD,2022-03-21,AD,currency,1,0.742099993610382,2,6480.0,648,0.7356000195503235,0.7174000144004822,-0.0,0,0.0,2022-04-19,0.7356000195503235,2,-1300.0,-130,29,LOSE,11.96,exit,False
516,517,CME Australian Dollar AUD,2022-03-22,AD,currency,1,0.7426999717712403,2,6600.0,660,0.7356000195503235,0.7174000144004822,-0.0,0,0.0,2022-04-19,0.7356000195503235,2,-1420.0,-142,28,LOSE,11.96,exit,False
517,518,CME Australian Dollar AUD,2022-03-23,AD,currency,1,0.7485500023841858,1,3885.0,777,0.7356000195503235,0.7174000144004822,-0.0,0,0.0,2022-04-19,0.7356000195503235,1,-1295.0,-259,27,LOSE,5.98,exit,False
518,519,CME Australian Dollar AUD,2022-03-24,AD,currency,1,0.7515000052452088,1,4180.0,836,0.7356000195503235,0.7174000144004822,-0.0,0,0.0,2022-04-19,0.7356000195503235,1,-1590.0,-318,26,LOSE,5.98,exit,False
519,520,CME Australian Dollar AUD,2022-03-25,AD,currency,1,0.7527499991416932,1,4305.0,861,0.7356000195503235,0.7174000144004822,-0.0,0,0.0,2022-04-19,0.7356000195503235,1,-1715.0,-343,25,LOSE,5.98,exit,False
520,521,CME Australian Dollar AUD,2022-03-28,AD,currency,1,0.7529999727249146,1,4245.0,849,0.7356000195503235,0.7174000144004822,-0.0,0,0.0,2022-04-19,0.7356000195503235,1,-1740.0,-348,22,LOSE,5.98,exit,False
521,522,CME Australian Dollar AUD,2022-03-29,AD,currency,1,0.7504500098228455,1,3990.0,798,0.7356000195503235,0.7174000144004822,-0.0,0,0.0,2022-04-19,0.7356000195503235,1,-1485.0,-297,21,LOSE,5.98,exit,False
522,523,CME Australian Dollar AUD,2022-03-30,AD,currency,1,0.7525500172615052,1,4200.0,840,0.7356000195503235,0.7174000144004822,-0.0,0,0.0,2022-04-19,0.7356000195503235,1,-1695.0,-339,20,LOSE,5.98,exit,False
523,524,CME Australian Dollar AUD,2022-03-31,AD,currency,1,0.7523500255584716,1,4180.0,836,0.7356000195503235,0.7174000144004822,-0.0,0,0.0,2022-04-19,0.7356000195503235,1,-1675.0,-335,19,LOSE,5.98,exit,False
524,525,CME Australian Dollar AUD,2022-04-01,AD,currency,1,0.7504000196456909,1,3985.0,797,0.7356000195503235,0.7174000144004822,-0.0,0,0.0,2022-04-19,0.7356000195503235,1,-1480.0,-296,18,LOSE,5.98,exit,False
525,526,CME Australian Dollar AUD,2022-04-04,AD,currency,1,0.7517000165939332,3,12345.0,823,0.7356000195503235,0.7174000144004822,-0.0,0,0.0,2022-04-19,0.7356000195503235,3,-4830.0,-322,15,LOSE,17.94,exit,False
526,527,CME Australian Dollar AUD,2022-04-05,AD,currency,1,0.7581000284194946,2,9510.0,951,0.7356000195503235,0.7174000144004822,-0.0,0,0.0,2022-04-19,0.7356000195503235,2,-4500.0,-450,14,LOSE,11.96,exit,False
527,528,CME Australian Dollar AUD,2022-04-06,AD,currency,1,0.7590500131607055,2,9700.0,970,0.7356000195503235,0.7174000144004822,-0.0,0,0.0,2022-04-19,0.7356000195503235,2,-4690.0,-469,13,LOSE,11.96,exit,False
528,529,CME Australian Dollar AUD,2022-04-07,AD,currency,1,0.7520500089645386,3,11130.0,742,0.7356000195503235,0.7174000144004822,-0.0,0,0.0,2022-04-19,0.7356000195503235,3,-4935.0,-329,12,LOSE,17.94,exit,False
529,530,CME Australian Dollar AUD,2022-04-08,AD,currency,1,0.7490499713897705,4,12660.0,633,0.7356000195503235,0.7174000144004822,-0.0,0,0.0,2022-04-19,0.7356000195503235,4,-5380.0,-269,11,LOSE,23.92,exit,False
530,531,CME Australian Dollar AUD,2022-04-11,AD,currency,1,0.7469500054359436,4,11820.0,591,0.7356000195503235,0.7174000144004822,-0.0,0,0.0,2022-04-19,0.7356000195503235,4,-4540.0,-227,8,LOSE,23.92,exit,False
531,532,CBOT Wheat,2022-04-11,W,grain,1,1071.5,1,6564.0,547,1045.75,974.5,-0.0,0,0.0,2022-05-04,1045.75,1,-1236.0,-103,23,LOSE,5.98,exit,False
532,533,CME Australian Dollar AUD,2022-04-12,AD,currency,1,0.7446499973297119,4,10900.0,545,0.7356000195503235,0.7174000144004822,-0.0,0,0.0,2022-04-19,0.7356000195503235,4,-3620.0,-181,7,LOSE,23.92,exit,False
533,534,CBOT Wheat,2022-04-12,W,grain,1,1095.5,2,11616.0,484,1045.75,974.5,-0.0,0,0.0,2022-05-04,1045.75,2,-4776.0,-199,22,LOSE,11.96,exit,False
534,535,CBOT Wheat,2022-04-13,W,grain,1,1116.75,1,6828.0,569,1045.75,974.5,-0.0,0,0.0,2022-05-04,1045.75,1,-3408.0,-284,21,LOSE,5.98,exit,False
535,536,CBOT Wheat,2022-04-14,W,grain,1,1123.75,1,7164.0,597,1045.75,974.5,-0.0,0,0.0,2022-05-04,1045.75,1,-3744.0,-312,20,LOSE,5.98,exit,False
536,537,CBOT Wheat,2022-04-18,W,grain,1,1119.0,1,6936.0,578,1045.75,974.5,-0.0,0,0.0,2022-05-04,1045.75,1,-3516.0,-293,16,LOSE,5.98,exit,False
537,538,CBOT Wheat,2022-04-19,W,grain,1,1133.75,1,7644.0,637,1045.75,974.5,-0.0,0,0.0,2022-05-04,1045.75,1,-4224.0,-352,15,LOSE,5.98,exit,False
538,539,CBOT Wheat,2022-04-20,W,grain,1,1110.0,2,13008.0,542,1045.75,974.5,-0.0,0,0.0,2022-05-04,1045.75,2,-6168.0,-257,14,LOSE,11.96,exit,False
539,540,CBOT Wheat,2022-04-21,W,grain,1,1103.0,2,12336.0,514,1045.75,974.5,-0.0,0,0.0,2022-05-04,1045.75,2,-5496.0,-229,13,LOSE,11.96,exit,False
540,541,CBOT Wheat,2022-04-22,W,grain,1,1079.25,2,10056.0,419,1045.75,974.5,-0.0,0,0.0,2022-05-04,1045.75,2,-3216.0,-134,12,LOSE,11.96,exit,False
541,542,CBOT Wheat,2022-04-25,W,grain,1,1083.75,2,10488.0,437,1045.75,974.5,-0.0,0,0.0,2022-05-04,1045.75,2,-3648.0,-152,9,LOSE,11.96,exit,False
542,543,CBOT Wheat,2022-04-26,W,grain,1,1087.5,2,10848.0,452,1045.75,974.5,-0.0,0,0.0,2022-05-04,1045.75,2,-4008.0,-167,8,LOSE,11.96,exit,False
543,544,CBOT Wheat,2022-04-27,W,grain,1,1093.75,2,11448.0,477,1045.75,974.5,-0.0,0,0.0,2022-05-04,1045.75,2,-4608.0,-192,7,LOSE,11.96,exit,False
544,545,CBOT Wheat,2022-04-28,W,grain,1,1092.5,2,11328.0,472,1045.75,974.5,-0.0,0,0.0,2022-05-04,1045.75,2,-4488.0,-187,6,LOSE,11.96,exit,False
545,546,CBOT Wheat,2022-04-29,W,grain,1,1089.5,2,11040.0,460,1045.75,974.5,-0.0,0,0.0,2022-05-04,1045.75,2,-4200.0,-175,5,LOSE,11.96,exit,False
546,547,CBOT Wheat,2022-05-02,W,grain,1,1054.5,3,11520.0,320,1045.75,974.5,-0.0,0,0.0,2022-05-04,1045.75,3,-1260.0,-35,2,LOSE,17.94,exit,False
547,548,CBOT Wheat,2022-05-03,W,grain,1,1059.25,3,12204.0,339,1045.75,974.5,-0.0,0,0.0,2022-05-04,1045.75,3,-1944.0,-54,1,LOSE,17.94,exit,False
